-- MySQL dump 10.13  Distrib 8.0.23, for Linux (x86_64)
--
-- Host: localhost    Database: vk
-- ------------------------------------------------------
-- Server version	8.0.23-0ubuntu0.20.04.1

/*!40101 SET @OLD_CHARACTER_SET_CLIENT=@@CHARACTER_SET_CLIENT */;
/*!40101 SET @OLD_CHARACTER_SET_RESULTS=@@CHARACTER_SET_RESULTS */;
/*!40101 SET @OLD_COLLATION_CONNECTION=@@COLLATION_CONNECTION */;
/*!50503 SET NAMES utf8mb4 */;
/*!40103 SET @OLD_TIME_ZONE=@@TIME_ZONE */;
/*!40103 SET TIME_ZONE='+00:00' */;
/*!40014 SET @OLD_UNIQUE_CHECKS=@@UNIQUE_CHECKS, UNIQUE_CHECKS=0 */;
/*!40014 SET @OLD_FOREIGN_KEY_CHECKS=@@FOREIGN_KEY_CHECKS, FOREIGN_KEY_CHECKS=0 */;
/*!40101 SET @OLD_SQL_MODE=@@SQL_MODE, SQL_MODE='NO_AUTO_VALUE_ON_ZERO' */;
/*!40111 SET @OLD_SQL_NOTES=@@SQL_NOTES, SQL_NOTES=0 */;

--
-- Table structure for table `cities`
--

DROP TABLE IF EXISTS `cities`;
/*!40101 SET @saved_cs_client     = @@character_set_client */;
/*!50503 SET character_set_client = utf8mb4 */;
CREATE TABLE `cities` (
  `id` int unsigned NOT NULL AUTO_INCREMENT,
  `name` varchar(150) CHARACTER SET utf8mb4 COLLATE utf8mb4_unicode_ci NOT NULL,
  `country_id` int unsigned DEFAULT NULL,
  PRIMARY KEY (`id`)
) ENGINE=InnoDB AUTO_INCREMENT=101 DEFAULT CHARSET=utf8mb4 COLLATE=utf8mb4_unicode_ci;
/*!40101 SET character_set_client = @saved_cs_client */;

--
-- Dumping data for table `cities`
--

LOCK TABLES `cities` WRITE;
/*!40000 ALTER TABLE `cities` DISABLE KEYS */;
INSERT INTO `cities` VALUES (1,'Lake Aliviafurt',92),(2,'North Michelle',29),(3,'Port Abdul',34),(4,'New Grace',41),(5,'South Hiramland',20),(6,'West Tyrese',27),(7,'Geoview',13),(8,'Port Gladys',42),(9,'New Noeburgh',2),(10,'North Chyna',50),(11,'East Burley',35),(12,'Kulasstad',59),(13,'New Sharon',53),(14,'West Lillian',31),(15,'East Louisaville',2),(16,'Anikastad',68),(17,'North Neldaburgh',93),(18,'Coleshire',40),(19,'North Jayden',30),(20,'West Trent',3),(21,'East Chanelle',57),(22,'Wilkinsonfurt',79),(23,'Kaelamouth',12),(24,'Petraville',7),(25,'Sethbury',62),(26,'West Karolannbury',1),(27,'Rutherfordbury',66),(28,'Reynoldsland',6),(29,'East Clara',10),(30,'West Lelia',79),(31,'West Ciceroshire',47),(32,'New Seth',1),(33,'Lake Jamison',8),(34,'East Tomport',80),(35,'Port Irvingside',41),(36,'South Jordaneburgh',27),(37,'Sylvesterbury',7),(38,'North Marcelinochester',54),(39,'East Vella',68),(40,'Raynorville',8),(41,'Opheliahaven',3),(42,'Eloisafort',2),(43,'Lake Dean',67),(44,'East Kiana',56),(45,'Sabrinamouth',32),(46,'Giovannaport',68),(47,'West Jonmouth',24),(48,'Wardview',25),(49,'Runolfsdottirfort',7),(50,'Port Ervinview',53),(51,'Kilbackport',28),(52,'East Gwendolynton',64),(53,'Port Luellaburgh',31),(54,'New Maynard',39),(55,'Barrymouth',70),(56,'Kylamouth',92),(57,'East Jaquelineberg',40),(58,'Gottliebchester',36),(59,'New Jackfort',97),(60,'South Gia',50),(61,'West Molliemouth',15),(62,'North Brandimouth',44),(63,'Kossville',50),(64,'Bernhardhaven',22),(65,'West Mallie',23),(66,'East Rosaleeborough',91),(67,'Kennithland',48),(68,'East Elza',30),(69,'Koelpinborough',44),(70,'New Kylie',16),(71,'Chandlertown',37),(72,'Joeyshire',47),(73,'North Carissa',17),(74,'Hudsonhaven',4),(75,'North Germanborough',3),(76,'North Emeraldland',49),(77,'Magdalenmouth',71),(78,'North Oral',26),(79,'North Edenhaven',74),(80,'Port Woodrow',78),(81,'Blaiseside',78),(82,'Port Rafaela',1),(83,'Brandtfurt',41),(84,'Lemkeberg',9),(85,'Kilbackfort',40),(86,'Odellhaven',11),(87,'Sierraland',100),(88,'Doraberg',79),(89,'New Dallinmouth',47),(90,'Brianamouth',97),(91,'Haleyborough',29),(92,'Lake Laura',61),(93,'Jeffereyshire',40),(94,'Nakiachester',78),(95,'Reynoldschester',83),(96,'Harrisshire',63),(97,'Lake Raeganview',69),(98,'Clarissamouth',30),(99,'Aracelyburgh',92),(100,'New Giuseppe',12);
/*!40000 ALTER TABLE `cities` ENABLE KEYS */;
UNLOCK TABLES;

--
-- Table structure for table `communities`
--

DROP TABLE IF EXISTS `communities`;
/*!40101 SET @saved_cs_client     = @@character_set_client */;
/*!50503 SET character_set_client = utf8mb4 */;
CREATE TABLE `communities` (
  `id` int unsigned NOT NULL AUTO_INCREMENT COMMENT 'Идентификатор сроки',
  `name` varchar(150) CHARACTER SET utf8mb4 COLLATE utf8mb4_unicode_ci NOT NULL COMMENT 'Название группы',
  `created_at` datetime DEFAULT CURRENT_TIMESTAMP COMMENT 'Время создания строки',
  `updated_at` datetime DEFAULT CURRENT_TIMESTAMP ON UPDATE CURRENT_TIMESTAMP COMMENT 'Время обновления строки',
  PRIMARY KEY (`id`),
  UNIQUE KEY `name` (`name`)
) ENGINE=InnoDB AUTO_INCREMENT=101 DEFAULT CHARSET=utf8mb4 COLLATE=utf8mb4_unicode_ci COMMENT='Группы';
/*!40101 SET character_set_client = @saved_cs_client */;

--
-- Dumping data for table `communities`
--

LOCK TABLES `communities` WRITE;
/*!40000 ALTER TABLE `communities` DISABLE KEYS */;
INSERT INTO `communities` VALUES (1,'enim','2012-04-15 23:03:35','2013-12-27 22:31:36'),(2,'repellendus','2020-08-20 12:00:25','2021-03-06 13:35:06'),(3,'nihil','2016-05-11 08:21:42','2021-05-02 10:04:17'),(4,'itaque','2014-06-15 15:58:53','2021-05-02 10:04:17'),(5,'sequi','2012-08-06 06:09:11','2015-07-28 07:44:21'),(6,'ipsa','2014-10-02 21:05:44','2021-05-02 10:04:17'),(7,'blanditiis','2012-02-04 23:34:54','2020-06-02 16:55:32'),(8,'nulla','2019-11-09 18:06:11','2020-05-06 22:40:38'),(9,'tenetur','2015-09-19 19:33:17','2021-05-02 10:04:17'),(10,'nemo','2017-06-02 21:19:38','2018-10-22 17:07:45'),(11,'facilis','2017-12-31 15:51:31','2020-03-21 05:08:02'),(12,'nostrum','2021-03-10 07:09:57','2021-05-02 10:04:17'),(13,'est','2013-10-25 09:36:51','2019-05-24 23:11:01'),(14,'aspernatur','2014-09-09 07:55:52','2018-08-14 16:07:59'),(15,'quaerat','2021-04-23 19:12:16','2021-05-02 10:04:17'),(16,'eos','2021-01-24 22:07:31','2021-05-02 10:04:17'),(17,'non','2018-08-26 11:38:10','2019-12-24 13:04:42'),(18,'ut','2017-09-03 17:19:06','2021-05-02 10:04:17'),(19,'saepe','2020-07-21 03:16:56','2021-05-02 10:04:17'),(20,'ab','2016-11-17 03:05:06','2021-05-02 10:04:17'),(21,'tempora','2014-02-04 10:15:15','2021-05-02 10:04:17'),(22,'architecto','2018-10-11 12:32:39','2021-05-02 10:04:17'),(23,'ipsum','2017-11-22 17:59:54','2021-05-02 10:04:17'),(24,'sint','2014-04-09 20:37:22','2019-12-14 03:10:59'),(25,'labore','2017-11-21 17:59:39','2021-05-02 10:04:17'),(26,'et','2014-02-13 23:10:10','2019-05-26 16:56:55'),(27,'quisquam','2016-01-08 20:39:14','2021-05-02 10:04:17'),(28,'quia','2021-01-07 01:04:22','2021-05-02 10:04:17'),(29,'nisi','2015-06-18 05:07:52','2018-02-20 14:58:45'),(30,'dolorum','2015-12-02 18:58:51','2021-05-02 10:04:17');
/*!40000 ALTER TABLE `communities` ENABLE KEYS */;
UNLOCK TABLES;

--
-- Table structure for table `communities_users`
--

DROP TABLE IF EXISTS `communities_users`;
/*!40101 SET @saved_cs_client     = @@character_set_client */;
/*!50503 SET character_set_client = utf8mb4 */;
CREATE TABLE `communities_users` (
  `community_id` int unsigned NOT NULL COMMENT 'Ссылка на группу',
  `user_id` int unsigned NOT NULL COMMENT 'Ссылка на пользователя',
  `created_at` datetime DEFAULT CURRENT_TIMESTAMP COMMENT 'Время создания строки',
  PRIMARY KEY (`community_id`,`user_id`) COMMENT 'Составной первичный ключ'
) ENGINE=InnoDB DEFAULT CHARSET=utf8mb4 COLLATE=utf8mb4_unicode_ci COMMENT='Участники групп, связь между пользователями и группами';
/*!40101 SET character_set_client = @saved_cs_client */;

--
-- Dumping data for table `communities_users`
--

LOCK TABLES `communities_users` WRITE;
/*!40000 ALTER TABLE `communities_users` DISABLE KEYS */;
INSERT INTO `communities_users` VALUES (1,25,'2019-06-08 23:04:36'),(1,41,'2012-11-21 14:25:41'),(1,60,'2019-05-21 14:41:09'),(1,85,'2014-08-11 22:00:43'),(1,90,'2017-03-11 16:24:03'),(1,92,'2014-08-28 16:20:17'),(2,11,'2013-11-05 01:00:08'),(2,30,'2017-10-17 15:59:57'),(2,99,'2015-11-30 02:03:51'),(3,17,'2020-09-15 23:40:00'),(3,56,'2011-10-02 00:51:17'),(3,57,'2015-11-13 06:54:19'),(4,38,'2019-05-28 01:26:26'),(4,66,'2015-01-29 15:30:19'),(5,6,'2011-07-19 21:43:01'),(5,16,'2012-05-20 01:19:32'),(5,23,'2021-04-01 04:34:58'),(5,52,'2015-09-16 18:44:21'),(5,53,'2016-02-23 14:51:32'),(5,68,'2015-06-17 10:02:08'),(6,4,'2020-12-14 15:39:18'),(6,9,'2012-04-15 21:13:46'),(7,20,'2017-03-03 02:43:15'),(7,27,'2012-06-29 13:31:07'),(7,48,'2014-10-11 15:16:09'),(7,81,'2015-10-08 08:59:27'),(8,5,'2017-12-18 13:27:34'),(8,22,'2014-01-18 17:45:42'),(8,54,'2017-11-13 03:12:21'),(8,58,'2012-03-31 19:09:24'),(10,9,'2020-06-30 22:02:04'),(10,20,'2013-09-13 02:31:48'),(10,54,'2015-12-19 04:35:41'),(10,88,'2018-08-22 05:06:02'),(11,3,'2013-02-04 16:56:16'),(11,58,'2021-02-28 14:17:49'),(11,75,'2015-10-25 13:56:49'),(12,25,'2014-05-27 10:46:23'),(12,34,'2018-08-17 02:16:04'),(12,61,'2014-06-01 02:56:33'),(12,84,'2012-10-04 03:43:25'),(13,28,'2014-12-08 08:12:03'),(13,31,'2021-02-25 00:15:52'),(13,73,'2018-03-13 01:19:12'),(13,78,'2016-12-30 04:37:46'),(13,90,'2014-03-08 01:35:37'),(14,31,'2012-09-13 11:24:28'),(14,61,'2011-08-17 17:41:27'),(14,92,'2020-01-10 23:16:46'),(15,35,'2020-04-20 13:30:19'),(15,37,'2015-12-25 19:17:31'),(15,65,'2020-04-24 07:59:02'),(15,85,'2013-02-16 05:19:55'),(16,23,'2017-03-22 00:46:07'),(16,52,'2019-07-18 04:49:14'),(16,63,'2021-02-23 23:19:09'),(16,84,'2013-03-31 00:46:33'),(17,20,'2012-02-05 09:03:13'),(17,32,'2013-11-22 22:26:22'),(17,77,'2015-03-30 00:02:43'),(18,20,'2014-03-17 06:07:34'),(18,25,'2016-06-05 22:06:58'),(18,36,'2018-04-20 04:14:25'),(18,39,'2014-09-14 06:46:24'),(18,44,'2014-01-02 19:12:02'),(18,93,'2018-05-02 13:13:34'),(18,98,'2013-12-13 08:19:47'),(19,5,'2020-03-09 13:05:08'),(19,33,'2019-11-27 01:36:12'),(19,52,'2019-01-23 10:11:57'),(19,74,'2015-07-19 10:47:07'),(19,95,'2019-03-26 21:37:26'),(20,23,'2013-12-22 02:58:43'),(20,92,'2015-07-13 18:16:08'),(21,9,'2015-09-26 04:01:47'),(21,17,'2014-08-09 15:56:44'),(21,20,'2014-10-02 06:29:26'),(21,53,'2016-02-05 01:57:29'),(22,43,'2016-12-08 06:48:55'),(22,48,'2016-07-09 23:28:55'),(22,98,'2013-09-23 10:45:48'),(23,57,'2018-05-01 00:02:24'),(24,7,'2020-03-16 14:50:53'),(24,46,'2019-02-07 21:26:23'),(25,53,'2018-07-12 17:33:22'),(25,95,'2018-11-22 05:29:54'),(26,65,'2013-07-06 12:43:59'),(26,90,'2017-12-06 06:08:30'),(27,28,'2013-09-20 09:49:21'),(27,40,'2017-09-10 07:41:30'),(27,44,'2019-03-16 21:52:07'),(28,13,'2016-07-15 17:30:22'),(28,14,'2019-01-26 15:49:18'),(29,17,'2019-06-08 20:48:03'),(29,40,'2017-10-13 22:35:48'),(30,12,'2014-12-09 17:08:22'),(30,22,'2016-11-18 23:30:17'),(30,31,'2015-05-02 02:44:33'),(30,56,'2015-01-08 20:10:16'),(30,58,'2018-06-21 08:02:56');
/*!40000 ALTER TABLE `communities_users` ENABLE KEYS */;
UNLOCK TABLES;

--
-- Table structure for table `countries`
--

DROP TABLE IF EXISTS `countries`;
/*!40101 SET @saved_cs_client     = @@character_set_client */;
/*!50503 SET character_set_client = utf8mb4 */;
CREATE TABLE `countries` (
  `id` int unsigned NOT NULL AUTO_INCREMENT,
  `name` varchar(150) COLLATE utf8mb4_unicode_ci NOT NULL,
  PRIMARY KEY (`id`),
  UNIQUE KEY `name` (`name`)
) ENGINE=InnoDB AUTO_INCREMENT=101 DEFAULT CHARSET=utf8mb4 COLLATE=utf8mb4_unicode_ci;
/*!40101 SET character_set_client = @saved_cs_client */;

--
-- Dumping data for table `countries`
--

LOCK TABLES `countries` WRITE;
/*!40000 ALTER TABLE `countries` DISABLE KEYS */;
INSERT INTO `countries` VALUES (1,'Afghanistan'),(18,'Albania'),(31,'Andorra'),(42,'Anguilla'),(97,'Antigua and Barbuda'),(96,'Aruba'),(36,'Barbados'),(4,'Benin'),(91,'Bolivia'),(77,'Botswana'),(28,'Bouvet Island (Bouvetoya)'),(63,'Brazil'),(11,'British Indian Ocean Territory (Chagos Archipelago)'),(70,'Bulgaria'),(51,'Burundi'),(7,'Cambodia'),(30,'Cape Verde'),(87,'Central African Republic'),(92,'Congo'),(76,'Cote d\'Ivoire'),(46,'Croatia'),(59,'Cuba'),(58,'Czech Republic'),(53,'Djibouti'),(35,'Dominica'),(80,'Ecuador'),(78,'Equatorial Guinea'),(20,'Ethiopia'),(21,'Fiji'),(64,'France'),(6,'French Guiana'),(25,'French Southern Territories'),(72,'Gabon'),(73,'Gambia'),(83,'Germany'),(24,'Ghana'),(10,'Gibraltar'),(43,'Greenland'),(19,'Guam'),(89,'Guernsey'),(44,'Guinea-Bissau'),(85,'Holy See (Vatican City State)'),(55,'Hong Kong'),(47,'Iceland'),(27,'India'),(14,'Iraq'),(29,'Ireland'),(23,'Isle of Man'),(54,'Israel'),(81,'Italy'),(52,'Japan'),(71,'Jersey'),(65,'Kazakhstan'),(100,'Korea'),(94,'Kyrgyz Republic'),(60,'Lesotho'),(68,'Libyan Arab Jamahiriya'),(38,'Liechtenstein'),(88,'Lithuania'),(99,'Luxembourg'),(82,'Macedonia'),(69,'Malaysia'),(16,'Mayotte'),(32,'Mexico'),(41,'Micronesia'),(45,'Moldova'),(66,'Monaco'),(62,'Montserrat'),(13,'Mozambique'),(48,'Nepal'),(26,'Nicaragua'),(17,'Norfolk Island'),(79,'Northern Mariana Islands'),(15,'Norway'),(61,'Panama'),(34,'Paraguay'),(93,'Philippines'),(8,'Russian Federation'),(57,'Saint Barthelemy'),(22,'Saint Helena'),(95,'Saint Martin'),(40,'Saint Vincent and the Grenadines'),(39,'San Marino'),(12,'Saudi Arabia'),(33,'Senegal'),(86,'Slovakia (Slovak Republic)'),(9,'South Africa'),(90,'Sudan'),(74,'Swaziland'),(37,'Sweden'),(49,'Syrian Arab Republic'),(75,'Thailand'),(67,'Timor-Leste'),(56,'Tunisia'),(5,'Tuvalu'),(3,'Ukraine'),(2,'United States Minor Outlying Islands'),(98,'United States of America'),(50,'Uzbekistan'),(84,'Zimbabwe');
/*!40000 ALTER TABLE `countries` ENABLE KEYS */;
UNLOCK TABLES;

--
-- Table structure for table `friendship`
--

DROP TABLE IF EXISTS `friendship`;
/*!40101 SET @saved_cs_client     = @@character_set_client */;
/*!50503 SET character_set_client = utf8mb4 */;
CREATE TABLE `friendship` (
  `user_id` int unsigned NOT NULL COMMENT 'Ссылка на инициатора дружеских отношений',
  `friend_id` int unsigned NOT NULL COMMENT 'Ссылка на получателя приглашения дружить',
  `friendship_status_id` int unsigned NOT NULL COMMENT 'Ссылка на статус (текущее состояние) отношений',
  `confirmed_at` datetime DEFAULT NULL COMMENT 'Время подтверждения приглашения',
  `created_at` datetime DEFAULT CURRENT_TIMESTAMP COMMENT 'Время создания строки',
  `updated_at` datetime DEFAULT CURRENT_TIMESTAMP ON UPDATE CURRENT_TIMESTAMP COMMENT 'Время обновления строки',
  PRIMARY KEY (`user_id`,`friend_id`) COMMENT 'Составной первичный ключ'
) ENGINE=InnoDB DEFAULT CHARSET=utf8mb4 COLLATE=utf8mb4_unicode_ci COMMENT='Таблица дружбы';
/*!40101 SET character_set_client = @saved_cs_client */;

--
-- Dumping data for table `friendship`
--

LOCK TABLES `friendship` WRITE;
/*!40000 ALTER TABLE `friendship` DISABLE KEYS */;
INSERT INTO `friendship` VALUES (1,28,2,'2016-12-06 20:46:27','2016-11-25 19:38:29','2021-05-02 08:34:06'),(1,88,2,'2016-03-03 17:04:09','2014-03-30 08:52:56','2021-05-02 08:34:06'),(1,90,1,'2012-02-18 09:11:50','2013-09-11 16:48:07','2021-05-02 08:34:06'),(2,30,1,'2015-09-26 06:55:18','2019-11-16 19:44:49','2021-05-02 08:34:06'),(2,94,3,'2019-10-13 17:47:47','2014-05-17 07:05:20','2021-05-02 08:34:06'),(3,75,2,'2018-03-28 00:53:26','2013-02-13 22:32:03','2021-05-02 08:34:06'),(3,84,3,'2015-07-27 12:03:04','2014-03-21 14:54:20','2021-05-02 08:34:06'),(5,44,3,'2015-10-13 01:02:18','2018-10-25 13:41:56','2021-05-02 08:34:06'),(8,2,2,'2016-09-01 23:56:52','2015-01-29 00:13:11','2021-05-02 08:34:06'),(10,56,3,'2018-06-23 19:42:02','2011-07-25 22:12:52','2021-05-02 08:34:06'),(10,98,3,'2017-04-23 14:47:35','2021-01-06 16:20:20','2021-05-02 08:34:06'),(11,1,2,'2013-03-08 22:06:14','2013-03-19 22:18:30','2021-05-02 08:34:06'),(15,21,3,'2020-04-21 14:12:48','2017-02-27 07:00:35','2021-05-02 08:34:06'),(16,47,2,'2021-03-30 08:40:49','2011-12-03 02:30:41','2021-05-02 08:34:06'),(16,85,1,'2016-06-10 19:32:29','2012-09-27 09:57:42','2021-05-02 08:34:06'),(19,1,3,'2015-08-29 21:43:57','2018-05-27 09:19:19','2021-05-02 08:34:06'),(20,79,1,'2016-12-01 11:23:24','2014-03-27 05:20:15','2021-05-02 08:34:06'),(20,81,2,'2019-08-16 17:08:23','2020-05-12 23:21:04','2021-05-02 08:34:06'),(22,7,1,'2012-08-11 00:34:56','2012-01-30 11:40:29','2021-05-02 08:34:06'),(22,80,3,'2016-09-06 05:39:26','2020-05-19 09:49:15','2021-05-02 08:34:06'),(22,97,2,'2018-01-16 16:24:36','2018-10-31 03:06:11','2021-05-02 08:34:06'),(23,5,3,'2012-07-14 03:17:39','2017-07-30 22:05:32','2021-05-02 08:34:06'),(23,21,3,'2020-03-19 11:18:46','2021-01-21 20:36:24','2021-05-02 08:34:06'),(24,7,1,'2019-08-18 15:34:18','2015-05-06 01:22:39','2021-05-02 08:34:06'),(25,12,1,'2015-04-26 15:05:37','2013-06-29 00:39:31','2021-05-02 08:34:06'),(28,79,1,'2017-09-16 22:54:03','2016-06-26 19:41:34','2021-05-02 08:34:06'),(28,95,2,'2014-11-29 16:55:05','2012-10-17 20:01:47','2021-05-02 08:34:06'),(29,65,1,'2018-07-18 08:29:13','2015-05-27 05:45:19','2021-05-02 08:34:06'),(30,58,1,'2016-10-13 09:15:24','2011-06-26 02:20:18','2021-05-02 08:34:06'),(30,71,1,'2017-07-31 02:24:09','2016-01-23 00:40:48','2021-05-02 08:34:06'),(31,5,2,'2018-05-27 06:56:05','2011-06-16 09:39:45','2021-05-02 08:34:06'),(31,39,1,'2018-08-26 16:22:15','2016-03-05 01:59:12','2021-05-02 08:34:06'),(32,80,1,'2013-08-14 05:27:24','2014-04-10 08:58:36','2021-05-02 08:34:06'),(33,5,1,'2017-07-23 07:08:10','2012-09-03 15:20:38','2021-05-02 08:34:06'),(33,26,3,'2016-01-09 12:01:35','2015-12-21 09:29:49','2021-05-02 08:34:06'),(34,69,1,'2016-04-19 21:41:31','2017-07-31 18:20:51','2021-05-02 08:34:06'),(35,89,1,'2018-10-02 06:50:37','2013-01-21 14:40:04','2021-05-02 08:34:06'),(36,39,3,'2011-12-08 13:18:19','2013-03-03 01:17:53','2021-05-02 08:34:06'),(37,19,1,'2015-05-14 21:02:05','2021-04-10 20:35:04','2021-05-02 08:34:06'),(37,58,2,'2018-07-05 04:15:45','2015-01-21 11:07:54','2021-05-02 08:34:06'),(37,88,3,'2013-11-24 07:59:04','2016-01-19 02:39:36','2021-05-02 08:34:06'),(37,90,2,'2016-04-15 20:40:38','2019-12-04 03:41:41','2021-05-02 08:34:06'),(38,18,3,'2020-12-31 17:19:28','2012-03-08 13:57:11','2021-05-02 08:34:06'),(38,19,2,'2015-11-02 18:45:55','2015-02-07 21:46:59','2021-05-02 08:34:06'),(39,7,3,'2011-05-24 04:53:43','2020-04-26 03:59:24','2021-05-02 08:34:06'),(39,35,2,'2021-04-09 10:17:37','2014-04-06 09:43:04','2021-05-02 08:34:06'),(40,31,1,'2012-05-14 07:50:57','2019-06-16 23:29:35','2021-05-02 08:34:06'),(40,94,1,'2012-10-14 21:17:04','2016-07-28 02:22:16','2021-05-02 08:34:06'),(40,100,2,'2014-02-16 02:52:29','2012-01-14 12:56:10','2021-05-02 08:34:06'),(42,56,1,'2016-07-24 02:07:54','2016-11-26 11:45:42','2021-05-02 08:34:06'),(43,71,1,'2013-08-10 22:04:51','2017-10-31 16:42:42','2021-05-02 08:34:06'),(45,10,1,'2020-08-02 16:11:51','2013-06-04 09:47:08','2021-05-02 08:34:06'),(45,34,1,'2018-07-11 16:15:50','2014-11-22 05:17:30','2021-05-02 08:34:06'),(48,38,3,'2019-12-26 12:55:52','2014-04-29 04:05:51','2021-05-02 08:34:06'),(48,68,3,'2016-04-20 05:45:37','2012-05-25 02:54:33','2021-05-02 08:34:06'),(48,73,1,'2013-10-01 08:34:02','2016-07-13 13:49:49','2021-05-02 08:34:06'),(51,71,3,'2017-10-21 18:22:09','2016-07-24 14:44:04','2021-05-02 08:34:06'),(53,50,3,'2019-03-06 22:46:20','2020-03-01 21:02:32','2021-05-02 08:34:06'),(54,23,1,'2018-04-19 13:47:32','2017-06-27 09:02:05','2021-05-02 08:34:06'),(54,100,1,'2011-06-11 01:10:23','2020-12-19 08:21:49','2021-05-02 08:34:06'),(55,5,3,'2020-06-01 21:53:52','2015-10-02 16:32:58','2021-05-02 08:34:06'),(55,73,1,'2016-05-11 18:43:39','2015-04-19 14:42:11','2021-05-02 08:34:06'),(57,66,3,'2011-06-13 04:38:58','2014-08-26 09:50:40','2021-05-02 08:34:06'),(57,73,2,'2017-12-07 00:29:17','2015-01-27 21:44:18','2021-05-02 08:34:06'),(58,14,3,'2014-10-04 03:30:46','2020-01-15 01:34:12','2021-05-02 08:34:06'),(58,98,1,'2020-10-11 02:44:21','2017-09-28 18:49:05','2021-05-02 08:34:06'),(59,98,2,'2016-04-18 04:27:34','2018-11-10 16:53:49','2021-05-02 08:34:06'),(60,36,1,'2012-09-20 20:26:06','2020-01-12 04:33:43','2021-05-02 08:34:06'),(61,25,2,'2013-10-12 06:31:49','2015-12-02 22:27:15','2021-05-02 08:34:06'),(61,82,3,'2011-09-25 11:42:03','2017-02-03 22:05:06','2021-05-02 08:34:06'),(65,4,2,'2013-06-17 23:38:22','2016-08-30 23:08:17','2021-05-02 08:34:06'),(66,5,3,'2014-05-22 20:11:15','2016-04-05 22:33:49','2021-05-02 08:34:06'),(66,13,3,'2015-10-25 13:33:34','2014-01-30 11:57:36','2021-05-02 08:34:06'),(67,78,2,'2014-04-01 21:14:21','2021-02-14 13:17:19','2021-05-02 08:34:06'),(68,28,2,'2016-11-11 21:18:00','2013-05-17 15:45:49','2021-05-02 08:34:06'),(70,10,2,'2014-02-25 07:54:07','2014-11-21 18:06:18','2021-05-02 08:34:06'),(71,51,3,'2020-09-07 08:29:55','2018-04-07 08:10:10','2021-05-02 08:34:06'),(73,68,2,'2016-04-28 22:44:58','2011-10-21 02:21:42','2021-05-02 08:34:06'),(74,15,2,'2016-10-18 02:01:59','2019-01-20 09:41:23','2021-05-02 08:34:06'),(76,6,2,'2018-08-10 08:26:09','2015-04-20 12:22:43','2021-05-02 08:34:06'),(78,31,1,'2019-03-13 11:30:59','2015-11-25 07:14:58','2021-05-02 08:34:06'),(79,93,2,'2020-09-24 08:23:25','2020-01-12 23:18:50','2021-05-02 08:34:06'),(82,51,3,'2012-02-03 06:48:10','2015-05-03 03:16:38','2021-05-02 08:34:06'),(84,4,2,'2020-05-26 09:50:17','2012-04-30 05:10:13','2021-05-02 08:34:06'),(84,17,2,'2015-06-02 19:43:22','2016-04-17 18:47:54','2021-05-02 08:34:06'),(85,66,3,'2018-12-17 15:38:11','2020-08-27 10:53:16','2021-05-02 08:34:06'),(86,92,2,'2018-12-06 06:24:53','2017-03-27 04:05:39','2021-05-02 08:34:06'),(87,92,3,'2011-06-28 14:45:21','2020-04-20 09:08:29','2021-05-02 08:34:06'),(89,12,1,'2017-02-25 13:13:16','2013-01-01 07:58:38','2021-05-02 08:34:06'),(90,34,2,'2012-08-23 05:41:47','2011-09-23 18:42:49','2021-05-02 08:34:06'),(91,6,3,'2019-06-04 15:39:46','2021-03-16 05:14:03','2021-05-02 08:34:06'),(91,17,3,'2011-07-17 16:26:40','2016-01-05 12:31:40','2021-05-02 08:34:06'),(96,64,3,'2018-06-23 00:28:03','2020-12-28 13:52:47','2021-05-02 08:34:06'),(96,77,3,'2020-12-21 20:47:46','2011-12-29 01:49:42','2021-05-02 08:34:06'),(97,43,1,'2021-03-15 20:18:32','2018-04-12 17:07:19','2021-05-02 08:34:06'),(97,51,1,'2016-04-20 04:02:02','2014-03-08 08:33:02','2021-05-02 08:34:06'),(98,87,3,'2014-02-10 10:07:27','2018-01-18 14:31:14','2021-05-02 08:34:06'),(100,26,1,'2014-07-04 00:23:55','2014-10-01 08:40:01','2021-05-02 08:34:06'),(100,36,2,'2016-03-03 17:04:09','2014-05-17 07:05:20','2021-05-02 08:34:06'),(100,92,2,'2016-01-30 09:40:04','2013-08-07 22:07:16','2021-05-02 08:34:06');
/*!40000 ALTER TABLE `friendship` ENABLE KEYS */;
UNLOCK TABLES;

--
-- Table structure for table `friendship_statuses`
--

DROP TABLE IF EXISTS `friendship_statuses`;
/*!40101 SET @saved_cs_client     = @@character_set_client */;
/*!50503 SET character_set_client = utf8mb4 */;
CREATE TABLE `friendship_statuses` (
  `id` int unsigned NOT NULL AUTO_INCREMENT COMMENT 'Идентификатор строки',
  `name` varchar(150) COLLATE utf8mb4_unicode_ci NOT NULL,
  `created_at` datetime DEFAULT CURRENT_TIMESTAMP COMMENT 'Время создания строки',
  `updated_at` datetime DEFAULT CURRENT_TIMESTAMP ON UPDATE CURRENT_TIMESTAMP COMMENT 'Время обновления строки',
  PRIMARY KEY (`id`),
  UNIQUE KEY `name` (`name`)
) ENGINE=InnoDB AUTO_INCREMENT=4 DEFAULT CHARSET=utf8mb4 COLLATE=utf8mb4_unicode_ci COMMENT='Статусы дружбы';
/*!40101 SET character_set_client = @saved_cs_client */;

--
-- Dumping data for table `friendship_statuses`
--

LOCK TABLES `friendship_statuses` WRITE;
/*!40000 ALTER TABLE `friendship_statuses` DISABLE KEYS */;
INSERT INTO `friendship_statuses` VALUES (1,'Requested','2021-05-02 09:31:50','2021-05-02 09:31:50'),(2,'Confirmed','2021-05-02 09:31:50','2021-05-02 09:31:50'),(3,'Rejected','2021-05-02 09:31:50','2021-05-02 09:31:50');
/*!40000 ALTER TABLE `friendship_statuses` ENABLE KEYS */;
UNLOCK TABLES;

--
-- Table structure for table `media`
--

DROP TABLE IF EXISTS `media`;
/*!40101 SET @saved_cs_client     = @@character_set_client */;
/*!50503 SET character_set_client = utf8mb4 */;
CREATE TABLE `media` (
  `id` int unsigned NOT NULL AUTO_INCREMENT COMMENT 'Идентификатор строки',
  `user_id` int unsigned NOT NULL COMMENT 'Ссылка на пользователя, который загрузил файл',
  `filename` varchar(255) CHARACTER SET utf8mb4 COLLATE utf8mb4_unicode_ci NOT NULL COMMENT 'Путь к файлу',
  `size` int NOT NULL COMMENT 'Размер файла',
  `metadata` json DEFAULT NULL,
  `media_type_id` int unsigned NOT NULL COMMENT 'Ссылка на тип контента',
  `deleted_at` timestamp NULL DEFAULT NULL COMMENT 'Время удаления',
  `created_at` datetime DEFAULT CURRENT_TIMESTAMP COMMENT 'Время создания строки',
  `updated_at` datetime DEFAULT CURRENT_TIMESTAMP ON UPDATE CURRENT_TIMESTAMP COMMENT 'Время обновления строки',
  PRIMARY KEY (`id`),
  CONSTRAINT `media_chk_1` CHECK (json_valid(`metadata`))
) ENGINE=InnoDB AUTO_INCREMENT=101 DEFAULT CHARSET=utf8mb4 COLLATE=utf8mb4_unicode_ci COMMENT='Медиафайлы';
/*!40101 SET character_set_client = @saved_cs_client */;

--
-- Dumping data for table `media`
--

LOCK TABLES `media` WRITE;
/*!40000 ALTER TABLE `media` DISABLE KEYS */;
INSERT INTO `media` VALUES (1,68,'http://dropbox.net/vk/http://dropbox.net/vk/laudantium.avi.jpeg',4028327,'{\"owner\": \"Noe Lind\"}',3,NULL,'2017-10-15 00:06:38','2021-05-02 15:13:44'),(2,50,'http://dropbox.net/vk/http://dropbox.net/vk/laborum.mp4.mp3',98335,'{\"owner\": \"Zachery Goyette\"}',3,NULL,'2015-11-21 12:35:21','2021-05-02 15:13:44'),(3,44,'http://dropbox.net/vk/http://dropbox.net/vk/magni.mp4.jpeg',3199536,'{\"owner\": \"Horacio Howell\"}',3,NULL,'2020-01-17 21:27:42','2021-05-02 15:13:44'),(4,70,'http://dropbox.net/vk/http://dropbox.net/vk/ut.mp4.png',3902700,'{\"owner\": \"Sonny Volkman\"}',2,NULL,'2019-11-15 05:41:39','2021-05-02 15:13:44'),(5,18,'http://dropbox.net/vk/http://dropbox.net/vk/cumque.avi.png',792287747,'{\"owner\": \"Warren Doyle\"}',2,NULL,'2017-03-18 19:37:56','2021-05-02 15:13:44'),(6,79,'http://dropbox.net/vk/http://dropbox.net/vk/perferendis.png.mp3',9904890,'{\"owner\": \"Laron Bahringer\"}',1,NULL,'2015-10-06 19:29:05','2021-05-02 15:13:44'),(7,40,'http://dropbox.net/vk/http://dropbox.net/vk/doloremque.jpeg.mp4',7806351,'{\"owner\": \"Cicero Predovic\"}',1,NULL,'2017-11-19 13:22:52','2021-05-02 15:13:44'),(8,64,'http://dropbox.net/vk/http://dropbox.net/vk/quia.png.mp4',6270909,'{\"owner\": \"Abel Morissette\"}',1,NULL,'2020-06-01 06:49:07','2021-05-02 15:13:44'),(9,100,'http://dropbox.net/vk/http://dropbox.net/vk/voluptatem.mp3.png',9307086,'{\"owner\": \"Candido Baumbach\"}',2,NULL,'2014-12-07 09:04:45','2021-05-02 15:13:44'),(10,9,'http://dropbox.net/vk/http://dropbox.net/vk/qui.png.mp4',260681193,'{\"owner\": \"Jay Beahan\"}',1,NULL,'2012-05-01 09:57:58','2021-05-02 15:13:44'),(11,41,'http://dropbox.net/vk/http://dropbox.net/vk/et.mp4.avi',97433324,'{\"owner\": \"Alberto Dooley\"}',1,NULL,'2012-09-26 18:59:41','2021-05-02 15:13:44'),(12,80,'http://dropbox.net/vk/http://dropbox.net/vk/quia.mp4.png',3106377,'{\"owner\": \"Valentine Wolf\"}',1,NULL,'2017-03-30 00:37:23','2021-05-02 15:13:44'),(13,76,'http://dropbox.net/vk/http://dropbox.net/vk/aut.mp3.avi',689610,'{\"owner\": \"Deion Vandervort\"}',1,NULL,'2014-01-02 18:10:15','2021-05-02 15:13:44'),(14,39,'http://dropbox.net/vk/http://dropbox.net/vk/labore.png.mp4',87958455,'{\"owner\": \"Bobbie Mann\"}',3,NULL,'2013-07-04 13:32:23','2021-05-02 15:13:44'),(15,67,'http://dropbox.net/vk/http://dropbox.net/vk/asperiores.png.mp4',179122,'{\"owner\": \"Berta Auer\"}',3,NULL,'2015-07-09 11:12:27','2021-05-02 15:13:44'),(16,19,'http://dropbox.net/vk/http://dropbox.net/vk/temporibus.mp4.jpeg',6727631,'{\"owner\": \"Jacinthe Wiegand\"}',3,NULL,'2012-12-30 18:32:26','2021-05-02 15:13:44'),(17,91,'http://dropbox.net/vk/http://dropbox.net/vk/facilis.jpeg.avi',8440228,'{\"owner\": \"Natalia Reichel\"}',1,NULL,'2019-07-16 10:30:25','2021-05-02 15:13:44'),(18,100,'http://dropbox.net/vk/http://dropbox.net/vk/officia.jpeg.mp3',7600629,'{\"owner\": \"Candido Baumbach\"}',1,NULL,'2015-02-18 10:10:49','2021-05-02 15:13:44'),(19,24,'http://dropbox.net/vk/http://dropbox.net/vk/ab.png.mp3',881899,'{\"owner\": \"Simeon Brakus\"}',1,NULL,'2015-07-14 21:06:38','2021-05-02 15:13:44'),(20,19,'http://dropbox.net/vk/http://dropbox.net/vk/omnis.jpeg.avi',58179039,'{\"owner\": \"Jacinthe Wiegand\"}',1,NULL,'2014-01-09 16:23:02','2021-05-02 15:13:44'),(21,23,'http://dropbox.net/vk/http://dropbox.net/vk/qui.mp4.mp3',356072,'{\"owner\": \"Devonte Jacobson\"}',3,NULL,'2015-06-12 19:48:33','2021-05-02 15:13:44'),(22,59,'http://dropbox.net/vk/http://dropbox.net/vk/voluptatem.mp4.avi',8674016,'{\"owner\": \"Devante Koch\"}',2,NULL,'2021-04-16 23:01:09','2021-05-02 15:13:44'),(23,26,'http://dropbox.net/vk/http://dropbox.net/vk/at.mp3.png',558191,'{\"owner\": \"Cortney Lindgren\"}',1,NULL,'2020-03-19 22:27:18','2021-05-02 15:13:44'),(24,53,'http://dropbox.net/vk/http://dropbox.net/vk/tempora.png.jpeg',3745671,'{\"owner\": \"Lawson Waelchi\"}',2,NULL,'2021-04-10 11:01:14','2021-05-02 15:13:44'),(25,85,'http://dropbox.net/vk/http://dropbox.net/vk/eos.avi.jpeg',201197,'{\"owner\": \"Viva Corkery\"}',3,NULL,'2018-08-18 17:52:43','2021-05-02 15:13:44'),(26,68,'http://dropbox.net/vk/http://dropbox.net/vk/qui.mp3.avi',12961498,'{\"owner\": \"Noe Lind\"}',1,NULL,'2021-04-24 09:18:24','2021-05-02 15:13:44'),(27,81,'http://dropbox.net/vk/http://dropbox.net/vk/perspiciatis.avi.mp3',74823,'{\"owner\": \"Liana Hintz\"}',1,NULL,'2020-01-24 02:22:21','2021-05-02 15:13:44'),(28,1,'http://dropbox.net/vk/http://dropbox.net/vk/et.mp4.mp4',6758911,'{\"owner\": \"Cicero Bogisich\"}',1,NULL,'2020-05-01 17:16:16','2021-05-02 15:13:44'),(29,64,'http://dropbox.net/vk/http://dropbox.net/vk/quia.mp3.mp3',30326620,'{\"owner\": \"Abel Morissette\"}',1,NULL,'2013-09-13 07:56:33','2021-05-02 15:13:44'),(30,16,'http://dropbox.net/vk/http://dropbox.net/vk/qui.mp3.jpeg',9635279,'{\"owner\": \"Herbert Collier\"}',2,NULL,'2018-09-09 18:30:43','2021-05-02 15:13:44'),(31,85,'http://dropbox.net/vk/http://dropbox.net/vk/eligendi.avi.avi',2109981,'{\"owner\": \"Viva Corkery\"}',1,NULL,'2019-12-23 08:23:32','2021-05-02 15:13:44'),(32,79,'http://dropbox.net/vk/http://dropbox.net/vk/consectetur.mp4.avi',638462,'{\"owner\": \"Laron Bahringer\"}',3,NULL,'2019-11-05 08:50:43','2021-05-02 15:13:44'),(33,39,'http://dropbox.net/vk/http://dropbox.net/vk/quam.jpeg.png',263173,'{\"owner\": \"Bobbie Mann\"}',2,NULL,'2014-11-09 09:25:12','2021-05-02 15:13:44'),(34,57,'http://dropbox.net/vk/http://dropbox.net/vk/molestias.mp4.mp4',548077111,'{\"owner\": \"Kasey Koelpin\"}',1,NULL,'2012-05-08 08:41:46','2021-05-02 15:13:44'),(35,70,'http://dropbox.net/vk/http://dropbox.net/vk/omnis.png.mp3',4975924,'{\"owner\": \"Sonny Volkman\"}',2,NULL,'2020-12-27 08:51:20','2021-05-02 15:13:44'),(36,76,'http://dropbox.net/vk/http://dropbox.net/vk/delectus.mp4.mp4',85488363,'{\"owner\": \"Deion Vandervort\"}',1,NULL,'2020-05-18 05:36:48','2021-05-02 15:13:44'),(37,69,'http://dropbox.net/vk/http://dropbox.net/vk/nisi.avi.mp4',32117,'{\"owner\": \"Nelle Rogahn\"}',3,NULL,'2016-12-02 19:40:50','2021-05-02 15:13:44'),(38,17,'http://dropbox.net/vk/http://dropbox.net/vk/dolorem.mp4.png',618284738,'{\"owner\": \"Dedric Hermann\"}',3,NULL,'2021-02-06 02:48:04','2021-05-02 15:13:44'),(39,76,'http://dropbox.net/vk/http://dropbox.net/vk/laudantium.jpeg.mp4',261174,'{\"owner\": \"Deion Vandervort\"}',3,NULL,'2015-01-18 20:54:05','2021-05-02 15:13:44'),(40,31,'http://dropbox.net/vk/http://dropbox.net/vk/nam.png.avi',25361,'{\"owner\": \"Kobe Hand\"}',3,NULL,'2014-03-06 00:59:45','2021-05-02 15:13:44'),(41,27,'http://dropbox.net/vk/http://dropbox.net/vk/ad.mp3.mp4',4080100,'{\"owner\": \"Esteban Abbott\"}',2,NULL,'2019-05-25 19:52:07','2021-05-02 15:13:44'),(42,42,'http://dropbox.net/vk/http://dropbox.net/vk/tenetur.jpeg.mp3',85764,'{\"owner\": \"Frederik Zieme\"}',2,NULL,'2016-02-26 07:08:12','2021-05-02 15:13:44'),(43,29,'http://dropbox.net/vk/http://dropbox.net/vk/accusantium.png.png',45735,'{\"owner\": \"Alexis Klocko\"}',1,NULL,'2019-11-06 19:49:35','2021-05-02 15:13:44'),(44,15,'http://dropbox.net/vk/http://dropbox.net/vk/cum.mp4.mp4',5462732,'{\"owner\": \"Deonte Hirthe\"}',3,NULL,'2020-04-24 06:38:17','2021-05-02 15:13:44'),(45,91,'http://dropbox.net/vk/http://dropbox.net/vk/omnis.avi.png',5063358,'{\"owner\": \"Natalia Reichel\"}',3,NULL,'2014-12-23 08:01:35','2021-05-02 15:13:44'),(46,7,'http://dropbox.net/vk/http://dropbox.net/vk/ratione.avi.png',8918594,'{\"owner\": \"Julio Quitzon\"}',2,NULL,'2020-02-04 18:47:40','2021-05-02 15:13:44'),(47,64,'http://dropbox.net/vk/http://dropbox.net/vk/modi.png.mp4',9392897,'{\"owner\": \"Abel Morissette\"}',3,NULL,'2014-10-05 21:34:26','2021-05-02 15:13:44'),(48,95,'http://dropbox.net/vk/http://dropbox.net/vk/mollitia.mp3.png',198704,'{\"owner\": \"Serenity Hoppe\"}',1,NULL,'2011-09-18 11:04:12','2021-05-02 15:13:44'),(49,85,'http://dropbox.net/vk/http://dropbox.net/vk/corporis.mp4.mp4',918429,'{\"owner\": \"Viva Corkery\"}',1,NULL,'2020-04-30 09:09:48','2021-05-02 15:13:44'),(50,39,'http://dropbox.net/vk/http://dropbox.net/vk/alias.avi.mp4',50369893,'{\"owner\": \"Bobbie Mann\"}',2,NULL,'2016-06-11 10:58:08','2021-05-02 15:13:44'),(51,40,'http://dropbox.net/vk/http://dropbox.net/vk/consequatur.mp3.png',64048769,'{\"owner\": \"Cicero Predovic\"}',2,NULL,'2014-08-08 01:59:07','2021-05-02 15:13:44'),(52,82,'http://dropbox.net/vk/http://dropbox.net/vk/quis.mp3.mp4',2804830,'{\"owner\": \"Ahmad Hartmann\"}',3,NULL,'2011-12-30 06:28:30','2021-05-02 15:13:44'),(53,90,'http://dropbox.net/vk/http://dropbox.net/vk/magni.png.avi',288235,'{\"owner\": \"Solon Treutel\"}',2,NULL,'2020-10-20 03:08:27','2021-05-02 15:13:44'),(54,2,'http://dropbox.net/vk/http://dropbox.net/vk/et.jpeg.avi',3418039,'{\"owner\": \"Anabelle Jacobson\"}',2,NULL,'2012-03-30 13:33:32','2021-05-02 15:13:44'),(55,41,'http://dropbox.net/vk/http://dropbox.net/vk/sint.png.mp3',8665708,'{\"owner\": \"Alberto Dooley\"}',3,NULL,'2012-11-13 10:04:43','2021-05-02 15:13:44'),(56,100,'http://dropbox.net/vk/http://dropbox.net/vk/nihil.jpeg.mp4',12058,'{\"owner\": \"Candido Baumbach\"}',1,NULL,'2015-08-27 09:06:10','2021-05-02 15:13:44'),(57,75,'http://dropbox.net/vk/http://dropbox.net/vk/ut.mp4.avi',3064421,'{\"owner\": \"Ward Fahey\"}',1,NULL,'2019-03-13 08:16:26','2021-05-02 15:13:44'),(58,76,'http://dropbox.net/vk/http://dropbox.net/vk/est.mp4.png',452358975,'{\"owner\": \"Deion Vandervort\"}',1,NULL,'2011-06-07 13:46:32','2021-05-02 15:13:44'),(59,55,'http://dropbox.net/vk/http://dropbox.net/vk/adipisci.avi.mp3',9314983,'{\"owner\": \"Kylie Gottlieb\"}',2,NULL,'2021-02-15 23:43:30','2021-05-02 15:13:44'),(60,44,'http://dropbox.net/vk/http://dropbox.net/vk/beatae.jpeg.mp4',7371650,'{\"owner\": \"Horacio Howell\"}',2,NULL,'2016-07-20 12:07:34','2021-05-02 15:13:44'),(61,58,'http://dropbox.net/vk/http://dropbox.net/vk/aliquid.jpeg.avi',8903305,'{\"owner\": \"Jackie Gottlieb\"}',1,NULL,'2012-11-19 16:59:39','2021-05-02 15:13:44'),(62,54,'http://dropbox.net/vk/http://dropbox.net/vk/odit.png.png',2391577,'{\"owner\": \"Rory Lynch\"}',2,NULL,'2017-03-31 03:49:38','2021-05-02 15:13:44'),(63,96,'http://dropbox.net/vk/http://dropbox.net/vk/similique.mp4.avi',68634851,'{\"owner\": \"Carmel Schowalter\"}',3,NULL,'2017-07-10 14:37:29','2021-05-02 15:13:44'),(64,18,'http://dropbox.net/vk/http://dropbox.net/vk/provident.mp3.avi',58395,'{\"owner\": \"Warren Doyle\"}',1,NULL,'2021-02-07 07:57:39','2021-05-02 15:13:44'),(65,100,'http://dropbox.net/vk/http://dropbox.net/vk/earum.jpeg.avi',225178,'{\"owner\": \"Candido Baumbach\"}',3,NULL,'2019-07-07 01:33:46','2021-05-02 15:13:44'),(66,48,'http://dropbox.net/vk/http://dropbox.net/vk/maiores.png.mp4',583156,'{\"owner\": \"Kristin Simonis\"}',3,NULL,'2019-11-21 23:43:45','2021-05-02 15:13:44'),(67,37,'http://dropbox.net/vk/http://dropbox.net/vk/atque.avi.mp3',21584251,'{\"owner\": \"Fred Wehner\"}',1,NULL,'2019-03-11 15:00:10','2021-05-02 15:13:44'),(68,41,'http://dropbox.net/vk/http://dropbox.net/vk/exercitationem.mp3.mp4',5237968,'{\"owner\": \"Alberto Dooley\"}',1,NULL,'2011-11-12 05:47:14','2021-05-02 15:13:44'),(69,95,'http://dropbox.net/vk/http://dropbox.net/vk/eos.mp4.mp3',221915686,'{\"owner\": \"Serenity Hoppe\"}',3,NULL,'2013-06-24 06:56:47','2021-05-02 15:13:44'),(70,51,'http://dropbox.net/vk/http://dropbox.net/vk/atque.mp4.mp3',9005109,'{\"owner\": \"Daisy Bogisich\"}',1,NULL,'2019-08-01 04:40:13','2021-05-02 15:13:44'),(71,71,'http://dropbox.net/vk/http://dropbox.net/vk/fugiat.png.jpeg',9301642,'{\"owner\": \"Lon Terry\"}',3,NULL,'2020-08-19 14:38:21','2021-05-02 15:13:44'),(72,100,'http://dropbox.net/vk/http://dropbox.net/vk/corporis.jpeg.mp3',9482884,'{\"owner\": \"Candido Baumbach\"}',2,NULL,'2017-01-14 14:01:00','2021-05-02 15:13:44'),(73,88,'http://dropbox.net/vk/http://dropbox.net/vk/facere.mp4.mp4',988741272,'{\"owner\": \"Willis Huels\"}',3,NULL,'2021-02-24 20:26:08','2021-05-02 15:13:44'),(74,41,'http://dropbox.net/vk/http://dropbox.net/vk/dolor.png.png',9499496,'{\"owner\": \"Alberto Dooley\"}',2,NULL,'2021-03-25 01:43:53','2021-05-02 15:13:44'),(75,38,'http://dropbox.net/vk/http://dropbox.net/vk/fugiat.jpeg.avi',28030,'{\"owner\": \"Maxine Gulgowski\"}',1,NULL,'2017-08-29 18:03:07','2021-05-02 15:13:44'),(76,65,'http://dropbox.net/vk/http://dropbox.net/vk/dolorem.mp3.png',9038830,'{\"owner\": \"Erika Bartoletti\"}',1,NULL,'2012-01-09 20:55:14','2021-05-02 15:13:44'),(77,12,'http://dropbox.net/vk/http://dropbox.net/vk/ipsa.png.mp3',42884,'{\"owner\": \"Virgie Ledner\"}',3,NULL,'2021-04-13 15:05:07','2021-05-02 15:13:44'),(78,64,'http://dropbox.net/vk/http://dropbox.net/vk/temporibus.avi.jpeg',55002055,'{\"owner\": \"Abel Morissette\"}',1,NULL,'2020-05-16 13:48:31','2021-05-02 15:13:44'),(79,83,'http://dropbox.net/vk/http://dropbox.net/vk/voluptas.jpeg.mp4',6685660,'{\"owner\": \"Rory Blanda\"}',3,NULL,'2014-09-21 18:06:46','2021-05-02 15:13:44'),(80,21,'http://dropbox.net/vk/http://dropbox.net/vk/sit.mp3.jpeg',6301814,'{\"owner\": \"Gilbert Kunde\"}',3,NULL,'2017-01-25 17:23:24','2021-05-02 15:13:44'),(81,57,'http://dropbox.net/vk/http://dropbox.net/vk/omnis.mp4.mp4',1442088,'{\"owner\": \"Kasey Koelpin\"}',1,NULL,'2018-06-04 03:25:36','2021-05-02 15:13:44'),(82,22,'http://dropbox.net/vk/http://dropbox.net/vk/blanditiis.jpeg.jpeg',8295002,'{\"owner\": \"Alicia Wuckert\"}',3,NULL,'2014-01-16 09:42:54','2021-05-02 15:13:44'),(83,40,'http://dropbox.net/vk/http://dropbox.net/vk/aliquid.mp4.jpeg',7138745,'{\"owner\": \"Cicero Predovic\"}',1,NULL,'2019-03-05 00:04:28','2021-05-02 15:13:44'),(84,32,'http://dropbox.net/vk/http://dropbox.net/vk/doloremque.avi.avi',798719,'{\"owner\": \"Mitchel Cole\"}',3,NULL,'2021-04-02 11:56:01','2021-05-02 15:13:44'),(85,41,'http://dropbox.net/vk/http://dropbox.net/vk/aut.mp4.mp4',6821816,'{\"owner\": \"Alberto Dooley\"}',1,NULL,'2012-07-31 13:06:44','2021-05-02 15:13:44'),(86,9,'http://dropbox.net/vk/http://dropbox.net/vk/deserunt.png.avi',2567361,'{\"owner\": \"Jay Beahan\"}',3,NULL,'2011-12-17 12:37:28','2021-05-02 15:13:44'),(87,19,'http://dropbox.net/vk/http://dropbox.net/vk/tempore.png.png',430647,'{\"owner\": \"Jacinthe Wiegand\"}',2,NULL,'2011-12-12 23:34:42','2021-05-02 15:13:44'),(88,68,'http://dropbox.net/vk/http://dropbox.net/vk/animi.mp4.mp3',4441154,'{\"owner\": \"Noe Lind\"}',2,NULL,'2017-01-18 13:11:08','2021-05-02 15:13:44'),(89,82,'http://dropbox.net/vk/http://dropbox.net/vk/vitae.jpeg.jpeg',903832,'{\"owner\": \"Ahmad Hartmann\"}',3,NULL,'2018-11-04 05:55:32','2021-05-02 15:13:44'),(90,4,'http://dropbox.net/vk/http://dropbox.net/vk/debitis.jpeg.jpeg',1185696,'{\"owner\": \"Sydnee Johns\"}',3,NULL,'2011-08-26 06:31:56','2021-05-02 15:13:44'),(91,75,'http://dropbox.net/vk/http://dropbox.net/vk/et.avi.mp4',707017,'{\"owner\": \"Ward Fahey\"}',3,NULL,'2012-09-21 02:56:34','2021-05-02 15:13:44'),(92,63,'http://dropbox.net/vk/http://dropbox.net/vk/tempora.avi.jpeg',3206988,'{\"owner\": \"Abe Yundt\"}',3,NULL,'2017-01-25 16:38:11','2021-05-02 15:13:44'),(93,89,'http://dropbox.net/vk/http://dropbox.net/vk/accusantium.avi.mp3',2467851,'{\"owner\": \"Ignatius Raynor\"}',2,NULL,'2017-02-24 04:00:28','2021-05-02 15:13:44'),(94,55,'http://dropbox.net/vk/http://dropbox.net/vk/repudiandae.avi.mp4',14895124,'{\"owner\": \"Kylie Gottlieb\"}',2,NULL,'2012-09-24 05:56:44','2021-05-02 15:13:44'),(95,7,'http://dropbox.net/vk/http://dropbox.net/vk/corrupti.mp3.png',2708290,'{\"owner\": \"Julio Quitzon\"}',3,NULL,'2017-11-21 19:26:11','2021-05-02 15:13:44'),(96,69,'http://dropbox.net/vk/http://dropbox.net/vk/ea.jpeg.mp3',6127900,'{\"owner\": \"Nelle Rogahn\"}',3,NULL,'2019-08-25 09:54:23','2021-05-02 15:13:44'),(97,23,'http://dropbox.net/vk/http://dropbox.net/vk/provident.png.avi',5290009,'{\"owner\": \"Devonte Jacobson\"}',1,NULL,'2019-04-09 10:44:19','2021-05-02 15:13:44'),(98,8,'http://dropbox.net/vk/http://dropbox.net/vk/aut.mp4.png',2504628,'{\"owner\": \"Bella Bogisich\"}',3,NULL,'2020-01-28 15:43:32','2021-05-02 15:13:44'),(99,69,'http://dropbox.net/vk/http://dropbox.net/vk/culpa.mp3.jpeg',4129443,'{\"owner\": \"Nelle Rogahn\"}',3,NULL,'2015-02-24 08:49:17','2021-05-02 15:13:44'),(100,24,'http://dropbox.net/vk/http://dropbox.net/vk/tempore.avi.mp3',3123332,'{\"owner\": \"Simeon Brakus\"}',1,NULL,'2020-04-04 05:06:19','2021-05-02 15:13:44');
/*!40000 ALTER TABLE `media` ENABLE KEYS */;
UNLOCK TABLES;

--
-- Table structure for table `media_types`
--

DROP TABLE IF EXISTS `media_types`;
/*!40101 SET @saved_cs_client     = @@character_set_client */;
/*!50503 SET character_set_client = utf8mb4 */;
CREATE TABLE `media_types` (
  `id` int unsigned NOT NULL AUTO_INCREMENT COMMENT 'Идентификатор строки',
  `name` varchar(255) CHARACTER SET utf8mb4 COLLATE utf8mb4_unicode_ci NOT NULL COMMENT 'Название типа',
  `created_at` datetime DEFAULT CURRENT_TIMESTAMP COMMENT 'Время создания строки',
  `updated_at` datetime DEFAULT CURRENT_TIMESTAMP ON UPDATE CURRENT_TIMESTAMP COMMENT 'Время обновления строки',
  PRIMARY KEY (`id`),
  UNIQUE KEY `name` (`name`)
) ENGINE=InnoDB AUTO_INCREMENT=4 DEFAULT CHARSET=utf8mb4 COLLATE=utf8mb4_unicode_ci COMMENT='Типы медиафайлов';
/*!40101 SET character_set_client = @saved_cs_client */;

--
-- Dumping data for table `media_types`
--

LOCK TABLES `media_types` WRITE;
/*!40000 ALTER TABLE `media_types` DISABLE KEYS */;
INSERT INTO `media_types` VALUES (1,'photo','2021-05-02 15:26:28','2021-05-02 15:26:28'),(2,'video','2021-05-02 15:26:28','2021-05-02 15:26:28'),(3,'audio','2021-05-02 15:26:28','2021-05-02 15:26:28');
/*!40000 ALTER TABLE `media_types` ENABLE KEYS */;
UNLOCK TABLES;

--
-- Table structure for table `messages`
--

DROP TABLE IF EXISTS `messages`;
/*!40101 SET @saved_cs_client     = @@character_set_client */;
/*!50503 SET character_set_client = utf8mb4 */;
CREATE TABLE `messages` (
  `id` int unsigned NOT NULL AUTO_INCREMENT COMMENT 'Идентификатор строки',
  `from_user_id` int unsigned NOT NULL COMMENT 'Ссылка на отправителя сообщения',
  `to_user_id` int unsigned NOT NULL COMMENT 'Ссылка на получателя сообщения',
  `body` text CHARACTER SET utf8mb4 COLLATE utf8mb4_unicode_ci NOT NULL COMMENT 'Текст сообщения',
  `media_id` int unsigned DEFAULT NULL COMMENT 'Ссылка на видео',
  `is_important` tinyint(1) DEFAULT NULL COMMENT 'Признак важности',
  `delivered_at` timestamp NULL DEFAULT NULL COMMENT 'Время доставки',
  `created_at` datetime DEFAULT CURRENT_TIMESTAMP COMMENT 'Время создания строки',
  PRIMARY KEY (`id`)
) ENGINE=InnoDB AUTO_INCREMENT=101 DEFAULT CHARSET=utf8mb4 COLLATE=utf8mb4_unicode_ci COMMENT='Сообщения';
/*!40101 SET character_set_client = @saved_cs_client */;

--
-- Dumping data for table `messages`
--

LOCK TABLES `messages` WRITE;
/*!40000 ALTER TABLE `messages` DISABLE KEYS */;
INSERT INTO `messages` VALUES (1,21,68,'Officia cumque est dolores exercitationem ab. Rerum voluptatibus consequatur quidem beatae quia qui. Autem in corrupti alias architecto soluta at sequi.',74,0,'2021-05-02 15:13:42','2018-06-30 11:11:15'),(2,75,69,'Officia cumque est dolores exercitationem ab. Rerum voluptatibus consequatur quidem beatae quia qui. Autem in corrupti alias architecto soluta at sequi.',38,0,'2021-05-02 15:13:42','2018-06-30 11:11:15'),(3,21,98,'Recusandae blanditiis qui consequatur qui laboriosam voluptas quae. Distinctio quos sed quam. Placeat cumque ut minus. Et at aut qui sit hic consequatur.',67,0,'2021-05-02 15:13:42','2015-10-14 15:00:36'),(4,26,34,'Beatae facilis magnam fugiat. Numquam porro blanditiis qui. Ratione ad sit reprehenderit omnis ab perferendis quidem neque.',20,0,'2021-05-02 15:13:42','2012-05-07 11:04:34'),(5,91,53,'Veritatis sint unde sunt repellendus deserunt expedita sequi. Qui tempore fugit libero qui.',99,1,'2021-05-02 15:13:42','2014-11-14 01:59:06'),(6,93,5,'Aperiam vitae incidunt necessitatibus dolores quibusdam aut. Esse et fugiat ipsam et occaecati nobis dicta. Quam omnis occaecati eveniet veritatis sed.',36,0,'2021-05-02 15:13:42','2012-06-12 00:04:49'),(7,44,3,'Adipisci quam aut explicabo assumenda maiores saepe. Quo minima illo nesciunt voluptate veniam. Voluptas eveniet quo rerum illum. Quod sit deserunt nihil velit aut velit. Eaque minima iure dicta ipsa sint hic atque ipsum.',82,1,'2021-05-02 15:13:42','2019-11-06 13:02:10'),(8,86,19,'Delectus vero fuga voluptates. Quis molestias sequi quo dolorum. Aut sint non est molestias ut officia aut.',2,0,'2021-05-02 15:13:42','2013-08-30 16:13:20'),(9,36,22,'Libero debitis excepturi dolorum optio animi. Ea voluptas quia consequatur. Dolor est dolores eveniet sed.',64,0,'2021-05-02 15:13:42','2016-01-05 22:53:32'),(10,2,44,'Architecto qui in nihil praesentium soluta atque aperiam. Ab quia quia exercitationem voluptas aperiam maiores. Repudiandae molestiae velit architecto aliquid. Corrupti eius debitis maiores aliquid officia omnis.',12,0,'2021-05-02 15:13:42','2017-04-24 10:20:39'),(11,11,26,'Suscipit laborum aut et qui voluptas. Laudantium illum eos assumenda molestiae ut voluptas fugit. Perferendis at totam qui autem et nobis non.',69,0,'2021-05-02 15:13:42','2011-09-19 22:38:51'),(12,93,90,'Doloribus sit molestiae consequuntur aut odio fugiat. Eius aperiam possimus rem unde aut debitis porro. Qui omnis voluptatem quos distinctio odit vitae. Rerum sapiente sequi ullam quae deleniti.',7,0,'2021-05-02 15:13:42','2014-09-11 10:38:33'),(13,68,72,'Fuga ipsa voluptatibus voluptas. Velit iure culpa tempore. Eum reiciendis molestiae libero non a illum reiciendis doloribus.',28,1,'2021-05-02 15:13:42','2018-03-31 16:26:00'),(14,53,50,'Velit in provident ea. Est culpa earum deserunt eos maiores. Itaque soluta excepturi qui et voluptatibus occaecati. Voluptatibus aut natus omnis dolorem officiis ipsa. Explicabo numquam nihil pariatur tempore dicta magnam placeat.',18,1,'2021-05-02 15:13:42','2012-05-10 00:05:47'),(15,91,3,'Qui similique sed iure earum et omnis est. Debitis quasi error quasi dolorem. Facilis provident qui omnis temporibus totam accusantium atque. Repellat hic enim in sint veniam ut.',7,0,'2021-05-02 15:13:42','2020-11-02 01:28:44'),(16,44,9,'Consequatur et minus quaerat iure. Magni at nulla unde est deleniti commodi. Impedit repellat architecto repellat assumenda.',82,1,'2021-05-02 15:13:42','2021-04-11 04:23:09'),(17,12,35,'Quas ab officia voluptates libero tempora qui. Nihil reprehenderit quibusdam ipsum delectus veniam veritatis totam. Et occaecati aut ipsa nulla. Dicta velit quia non porro sit voluptas dolores.',86,0,'2021-05-02 15:13:42','2019-11-24 11:37:27'),(18,37,80,'Aliquam pariatur quisquam reiciendis ut delectus rerum eligendi. Ut voluptatem nihil fugit magnam. At suscipit quia cupiditate eos illo corrupti. Pariatur non nulla vero enim sed distinctio qui.',85,0,'2021-05-02 15:13:42','2012-05-23 12:46:22'),(19,90,8,'Qui dolor dolor et reiciendis. Itaque eos quidem explicabo laudantium dolor. Nostrum et voluptatem iure iste omnis quibusdam.',68,1,'2021-05-02 15:13:42','2017-06-22 21:13:04'),(20,68,18,'Modi eum laudantium facere. Sint tempore aut nobis. Laborum officiis totam sint eum harum reprehenderit debitis.',83,1,'2021-05-02 15:13:42','2021-02-02 01:22:39'),(21,84,64,'Maxime perspiciatis totam maxime. Aut omnis commodi ut harum laboriosam occaecati iste. Provident praesentium et officiis corrupti. Sit doloribus ea culpa aut.',9,1,'2021-05-02 15:13:42','2017-03-22 00:25:38'),(22,69,53,'Deserunt ut deleniti harum est quia facilis ea. Magnam pariatur animi quae. Aut laborum et quidem iusto sed nobis. Sequi aut quia blanditiis. Qui nisi natus est ullam totam molestias animi.',98,1,'2021-05-02 15:13:42','2021-04-02 07:23:52'),(23,58,28,'Est architecto et quos eveniet sequi. Minus sunt consectetur numquam quo a quia aut. Doloremque omnis soluta veniam optio tempora.',60,1,'2021-05-02 15:13:42','2014-01-14 10:42:46'),(24,67,51,'Et dicta sapiente ullam impedit illum. Commodi ipsum est unde qui modi aliquid voluptatibus est. Dolor aliquam soluta consequuntur sint sit fugiat.',5,0,'2021-05-02 15:13:42','2021-01-30 03:28:48'),(25,52,7,'Soluta consectetur et optio consequatur accusamus dolorem. Dolor aut consectetur molestias qui consequatur quisquam quos. Sit ut quidem officiis error incidunt voluptatibus soluta voluptatem.',46,0,'2021-05-02 15:13:42','2014-05-23 04:35:01'),(26,79,73,'Nihil modi ut enim quibusdam. Aspernatur rem assumenda sunt voluptatem iusto. Cumque adipisci deleniti exercitationem in adipisci eos. Nihil illum minus iure cupiditate atque.',13,0,'2021-05-02 15:13:42','2013-07-13 10:25:12'),(27,28,19,'Aut accusamus exercitationem et. Et aut officia enim impedit est quam quae odio. In id consectetur ut suscipit et quos. Quis aut maiores modi omnis omnis.',27,0,'2021-05-02 15:13:42','2012-09-03 07:15:21'),(28,13,5,'Nam qui quis amet. Mollitia aut facere consequatur aliquid dolor deleniti quia. Provident id omnis cumque aspernatur aut numquam. Fuga quod ad quos consectetur ut culpa. Sit quaerat quia laudantium earum.',95,0,'2021-05-02 15:13:42','2017-09-06 11:59:59'),(29,86,15,'Officiis aut vero culpa dolores dolores ratione. Itaque dolores odit nam quae quia doloribus quae. Et veritatis eligendi minima ratione. Temporibus repellat est ut a natus beatae. Explicabo sit ut atque sit vero.',96,1,'2021-05-02 15:13:42','2018-05-29 23:49:48'),(30,16,34,'Quasi pariatur nemo libero cupiditate voluptatibus atque. Hic vero cumque omnis ut ea. Distinctio et et quod. Eum occaecati aut omnis laudantium sit temporibus. Voluptates numquam neque repellendus molestiae eos.',91,0,'2021-05-02 15:13:42','2017-04-02 23:23:17'),(31,23,14,'Deleniti expedita voluptates consequatur et quisquam quae facere. Quas tenetur aliquam illum et sunt iste.',70,1,'2021-05-02 15:13:42','2011-12-20 14:17:43'),(32,98,49,'Dolorem molestiae laborum pariatur molestiae odit aliquid. Quo illum rerum fuga recusandae et repellat incidunt. Quas a eligendi quidem dolorum et in et.',73,0,'2021-05-02 15:13:42','2012-08-13 22:44:10'),(33,49,96,'Nostrum in molestias quis accusamus a aut. Et adipisci accusamus aliquid at autem qui beatae consequuntur. Sint atque neque saepe veniam et. Ex autem sed porro veritatis ut possimus.',58,1,'2021-05-02 15:13:42','2019-12-28 08:53:39'),(34,35,87,'Corporis et dolores veniam ad sapiente provident doloribus ab. Vel corporis et eius perferendis repellendus molestias. Et reiciendis et aliquid ipsa modi et.',69,0,'2021-05-02 15:13:42','2018-12-09 07:33:37'),(35,29,85,'Deleniti et ut harum omnis vero libero. Voluptatem aut unde a. Molestiae id inventore enim dolores expedita ut. Ut modi voluptatem corporis ut.',73,0,'2021-05-02 15:13:42','2016-07-30 09:52:49'),(36,36,23,'Ut in sed eaque aperiam qui dolore molestias. Modi porro aut qui dolorem fugit distinctio molestiae. Accusamus voluptatem aut quis quidem et.',54,0,'2021-05-02 15:13:42','2013-03-15 14:17:01'),(37,8,69,'Dolores possimus velit est qui eligendi nobis et. Velit quis aut voluptas quasi eos qui. Voluptas eos est eum ab. Id alias deserunt repellendus cumque.',51,1,'2021-05-02 15:13:42','2018-02-08 03:58:23'),(38,21,97,'Quae saepe porro in nobis consectetur accusantium asperiores rerum. Illum commodi quod commodi amet et in. Nihil quasi earum corporis omnis libero quibusdam.',94,0,'2021-05-02 15:13:42','2014-07-04 13:59:54'),(39,20,10,'Cupiditate et est voluptates beatae repudiandae molestiae. Tempore cumque odio non in facilis laboriosam veniam. Aut temporibus reprehenderit nesciunt ad mollitia sit perferendis dolorem. Qui suscipit qui consequatur nihil molestias. Consectetur necessitatibus nostrum inventore fugit doloribus.',15,1,'2021-05-02 15:13:42','2012-12-16 01:32:27'),(40,87,8,'Aliquam quam ea dolorem in voluptas ipsam modi ut. Occaecati et qui blanditiis et reiciendis quo. Et excepturi sed aliquid voluptate.',93,1,'2021-05-02 15:13:42','2016-03-20 05:48:07'),(41,76,58,'Sit natus quis error ea. Nulla nobis perferendis aliquid. Id culpa tempore explicabo assumenda ratione et. Similique ut natus eius. Doloribus eveniet quisquam rerum voluptatem sunt asperiores et.',19,0,'2021-05-02 15:13:42','2019-04-15 10:06:03'),(42,60,24,'Quis rerum quia laudantium aut sit libero quo cum. Quia minima fuga quidem praesentium est a. Recusandae est officiis sunt quisquam incidunt expedita. Optio eligendi enim rerum expedita est perferendis aut laborum.',17,1,'2021-05-02 15:13:42','2016-10-15 21:44:22'),(43,40,28,'Ipsum sint omnis molestiae illum sunt ut. Molestiae voluptas quo non repellendus aut numquam facilis est. Rerum quo illo quo commodi. Labore rerum omnis atque quo.',28,1,'2021-05-02 15:13:42','2013-10-12 14:20:46'),(44,20,13,'Voluptatem sunt quas rerum tempore sunt voluptas quia. Aut sit magnam culpa sapiente. Cupiditate aut molestiae tempore excepturi.',86,1,'2021-05-02 15:13:42','2012-06-10 12:59:52'),(45,8,97,'Voluptatibus tempore voluptatem possimus laboriosam mollitia. Eos exercitationem aliquid laborum aut dolor et.',45,0,'2021-05-02 15:13:42','2020-08-30 22:53:24'),(46,63,24,'Qui et sed quia soluta. Accusantium aliquid consequatur aliquam. Natus nulla consequatur ea accusamus numquam vel delectus.',67,1,'2021-05-02 15:13:42','2017-10-24 03:50:51'),(47,29,71,'Quia quia impedit et voluptatibus aut dignissimos. Recusandae atque qui eius quo eveniet cupiditate. Autem nostrum explicabo ipsam in consequatur.',2,1,'2021-05-02 15:13:42','2020-04-15 15:21:35'),(48,68,28,'Alias in voluptas nostrum repellat eligendi voluptatibus. Molestias non alias laborum distinctio placeat. Doloremque eos vel beatae repellat asperiores.',7,0,'2021-05-02 15:13:42','2017-03-22 03:04:38'),(49,37,99,'Dolores architecto ea sequi vel. Et voluptas et aut illo eos et. Reiciendis velit aut impedit. Omnis molestias rerum distinctio et sapiente.',29,1,'2021-05-02 15:13:42','2017-01-10 23:55:00'),(50,83,18,'Harum eligendi ea dolorem consequuntur totam. Quia omnis saepe nesciunt explicabo laboriosam necessitatibus deleniti. Temporibus et quis vel incidunt deserunt aut ullam.',22,0,'2021-05-02 15:13:42','2020-01-29 17:54:27'),(51,39,42,'Animi omnis quisquam aspernatur enim perferendis ullam earum. Dolorem nemo accusantium illo et. Debitis aut nesciunt qui et sit vel sit numquam.',22,0,'2021-05-02 15:13:42','2016-12-30 01:05:12'),(52,91,28,'Iure dolorem sit fugit beatae aut. Eaque alias at maiores quidem soluta repellat. Impedit quo neque est aut mollitia esse. Harum maiores a deserunt omnis voluptatum.',42,1,'2021-05-02 15:13:42','2019-06-05 05:26:20'),(53,69,58,'Dolor facere hic corporis dolorem ab. Harum eligendi architecto est nobis odio cupiditate omnis. Quo non debitis ipsum possimus ducimus. Quod soluta asperiores odio consequatur eveniet. Et facere dicta repellat dolor.',47,0,'2021-05-02 15:13:42','2019-10-12 19:02:05'),(54,84,47,'Mollitia omnis perspiciatis sit animi nesciunt dolores ad aut. Non repellendus repudiandae est veritatis in aut voluptas. Ut qui voluptatum dicta voluptas animi.',6,0,'2021-05-02 15:13:42','2018-08-04 23:16:37'),(55,82,68,'Laudantium necessitatibus asperiores corporis et voluptatem ipsa. Adipisci officia vel eveniet odio cupiditate nemo.',88,0,'2021-05-02 15:13:42','2014-12-04 13:48:33'),(56,94,65,'Vero excepturi rerum atque aspernatur saepe. Reprehenderit est est eum praesentium vel. Mollitia ullam repellat sit inventore.',20,1,'2021-05-02 15:13:42','2013-04-15 10:52:35'),(57,42,16,'Sit dignissimos eos aut et. Occaecati voluptas velit culpa quis nisi tenetur.',39,1,'2021-05-02 15:13:42','2015-10-17 04:07:51'),(58,54,19,'Sunt ab unde et veritatis adipisci enim. Nihil architecto inventore est qui. Soluta earum ut et est. Et deleniti est omnis in id aut labore consectetur.',33,1,'2021-05-02 15:13:42','2020-11-04 04:35:27'),(59,32,4,'Autem voluptas porro numquam incidunt et asperiores dolorum. Ut exercitationem est sed sapiente et vero. Veritatis ratione ut corrupti.',48,1,'2021-05-02 15:13:42','2018-02-28 21:48:59'),(60,24,6,'Ab quisquam nulla omnis. Temporibus magnam voluptates in voluptatum quas cum et quis. Nostrum autem voluptatem rerum a nam et quod. Natus eius nam et temporibus odio et.',38,1,'2021-05-02 15:13:42','2020-05-26 05:02:39'),(61,59,78,'Aut deserunt non eos veniam ea porro odit. Labore blanditiis iure amet possimus et laborum voluptatem. Consectetur qui autem aut est ut. Non nihil aut corporis.',49,0,'2021-05-02 15:13:42','2019-09-04 09:26:27'),(62,9,13,'Itaque molestias culpa qui rem fuga quis. Veritatis fugiat est qui voluptatem. Magnam est voluptas facilis molestias fuga ipsam.',29,1,'2021-05-02 15:13:42','2013-11-22 11:39:55'),(63,38,49,'Et magni saepe in. Explicabo deleniti doloremque explicabo non itaque tempore deleniti. Rem fuga et voluptatem aut consequatur.',98,1,'2021-05-02 15:13:42','2017-03-23 09:23:36'),(64,30,5,'Maiores unde possimus placeat suscipit ut. Quasi fugiat nulla deleniti et molestias. Illum ducimus nobis vel at sunt praesentium. Est qui et sapiente quis consequuntur laborum.',1,1,'2021-05-02 15:13:42','2020-12-30 01:38:41'),(65,34,53,'Omnis quis dolorem ut quia ipsum enim. Sed eos aut corrupti qui ipsam quo. Autem assumenda fuga dolores eveniet neque.',10,0,'2021-05-02 15:13:42','2015-07-14 14:01:55'),(66,64,61,'Quia rerum laudantium ad aut cumque ullam doloremque ut. Et reiciendis debitis quidem.',48,1,'2021-05-02 15:13:42','2020-08-09 16:21:00'),(67,10,69,'Consequatur et esse magnam illum est in consequatur. Consequuntur quo minima est asperiores libero qui. Odit dolore illo eaque autem ut beatae. Voluptatem vel nemo dolor sit similique qui vel sunt.',7,0,'2021-05-02 15:13:42','2012-01-19 17:52:09'),(68,14,62,'Omnis quia placeat sed corporis possimus nesciunt. Consequuntur voluptas corrupti qui iure. Perspiciatis ut et mollitia. Amet perferendis quisquam ut in.',94,0,'2021-05-02 15:13:42','2017-07-06 22:36:32'),(69,66,43,'Sunt omnis et architecto cumque accusantium. Et quo est quis explicabo ut officia autem. Possimus aliquid dolores repellat est impedit rem. Aut fugit ex qui deleniti recusandae eaque.',45,0,'2021-05-02 15:13:42','2019-08-19 05:21:55'),(70,17,57,'Error architecto ut fugiat architecto. Placeat atque sunt provident sint ipsam non. Et velit quis laborum dicta rem reprehenderit.',45,1,'2021-05-02 15:13:42','2012-03-15 07:07:48'),(71,31,87,'Sed aliquam quos rerum temporibus magnam corrupti. Tempora dolorum in nulla. Ex omnis perferendis itaque id dolores similique eaque sed. Illo sint itaque ad qui voluptatem in aut non. Cupiditate hic omnis mollitia quis numquam dolore debitis eius.',88,1,'2021-05-02 15:13:42','2018-09-14 00:04:26'),(72,39,32,'Nulla itaque sed non voluptas. Unde rerum similique eos sed. Hic ullam qui laborum sint. Sunt harum reprehenderit tempore omnis.',6,1,'2021-05-02 15:13:42','2013-04-10 14:34:16'),(73,46,32,'Quibusdam aut similique libero necessitatibus. Voluptatem dolorem ut omnis eligendi. Nemo quae eveniet inventore iste vel qui.',63,1,'2021-05-02 15:13:42','2019-03-02 06:31:15'),(74,21,10,'Non cum ut odio quos omnis temporibus. Aut et amet ullam beatae. Neque deleniti quisquam nulla sed provident. Excepturi asperiores aspernatur autem et praesentium.',98,1,'2021-05-02 15:13:42','2013-02-11 02:02:48'),(75,85,94,'Quas animi est veritatis quas illum dolorem. Nobis vitae sint qui quod assumenda. Autem dolorem qui sint nesciunt veritatis ea repellat. Laudantium neque sed error voluptates autem nam. Voluptatem nisi perferendis ullam eaque incidunt.',99,0,'2021-05-02 15:13:42','2013-04-16 10:53:32'),(76,17,2,'Laborum voluptas rerum ea atque deleniti eligendi ut. Maiores doloribus delectus quo sit ipsam voluptas quasi dolor. Consequuntur molestiae non non ipsam numquam voluptate similique reiciendis.',100,0,'2021-05-02 15:13:42','2014-10-22 09:21:00'),(77,60,91,'Eos iste nihil velit dolorem repudiandae. Et nihil qui repudiandae corporis quisquam quo. Nulla amet sit fugiat dolores tempora vitae sed. Quibusdam cum voluptas aut animi velit.',2,1,'2021-05-02 15:13:42','2019-01-12 13:56:58'),(78,76,7,'Sint et dolorum rem ab eius. Et ut ab quam. Quidem qui ut placeat placeat qui deserunt quidem. Et quidem magni quia sequi.',10,1,'2021-05-02 15:13:42','2015-06-17 04:44:22'),(79,5,3,'At reiciendis magni aut cum sequi ipsam. Sed in ut autem quaerat. Facere necessitatibus dolorem sint et asperiores cupiditate vitae voluptatem.',44,0,'2021-05-02 15:13:42','2012-04-26 07:17:52'),(80,99,85,'Minima minima quaerat sint eius laborum officiis incidunt. Nobis possimus reiciendis ut repudiandae ex quo voluptatem blanditiis. Excepturi sit libero et fuga. Enim voluptatem in non aut praesentium ipsum et.',88,0,'2021-05-02 15:13:42','2014-09-07 19:21:56'),(81,30,93,'Dolor ea excepturi molestiae ab ut dolorum ut. Esse illo animi omnis asperiores alias est. Enim ut consectetur ducimus nostrum qui numquam.',8,1,'2021-05-02 15:13:42','2015-11-10 04:28:20'),(82,74,92,'Nesciunt recusandae tempore eos a laudantium et. Accusantium alias ut eaque voluptatibus et unde possimus.',77,1,'2021-05-02 15:13:42','2014-06-07 14:59:18'),(83,38,12,'Explicabo ab impedit sint qui laborum. Eos earum tempore et id est. Ratione quia est et. Delectus dolor excepturi dolor velit excepturi. Eum nihil minima dolores illo consectetur veniam placeat.',58,1,'2021-05-02 15:13:42','2013-05-30 21:26:31'),(84,47,99,'Magnam eum itaque provident. Aut dignissimos voluptatem at natus quo. Consequuntur aut eum sequi vel et nobis cumque. Minus temporibus molestias consectetur itaque est est et.',59,1,'2021-05-02 15:13:42','2021-02-12 13:23:02'),(85,51,57,'Voluptatem cumque corporis doloribus accusantium consequatur officiis voluptatem. Sit et facilis ipsa maxime. Omnis aut qui culpa enim id sit est.',19,0,'2021-05-02 15:13:42','2014-06-09 14:25:55'),(86,31,84,'Eligendi iusto quia laudantium similique quod. Minima in consequatur eos unde ut. Suscipit quis vel ullam totam. Impedit assumenda ullam est maxime non non.',20,0,'2021-05-02 15:13:42','2020-11-30 04:30:50'),(87,27,81,'Quas beatae eveniet in alias quos dolores architecto. Aut exercitationem dolorum quis eaque mollitia. Soluta voluptates ut quo laudantium porro ut sunt.',41,0,'2021-05-02 15:13:42','2013-06-27 21:08:38'),(88,26,83,'Molestiae eos modi qui sit omnis porro. A iste assumenda qui quo aut maiores rerum. Ducimus voluptatem expedita autem distinctio. Similique voluptatum ducimus aspernatur aspernatur asperiores. Quo molestiae tempore quae voluptatem.',46,1,'2021-05-02 15:13:42','2012-02-01 21:46:18'),(89,40,49,'Rerum veritatis reprehenderit cumque aut vero. Est impedit dolore et libero aut tenetur est. Voluptas quia earum qui omnis quisquam ut iure.',5,0,'2021-05-02 15:13:42','2015-12-11 14:53:01'),(90,24,71,'Sed et unde ipsam aut enim dolor est quae. Et illo similique eos debitis alias nisi odit. Explicabo qui quos nesciunt tempora. Adipisci deleniti consequuntur laborum ex quos qui reprehenderit.',87,0,'2021-05-02 15:13:42','2014-07-22 23:51:22'),(91,85,11,'Cum eveniet dolor eum maiores ut. At et rerum omnis est sunt. Aut neque eos accusamus velit aut qui possimus molestiae. Reprehenderit quia repellendus et aspernatur quia. Quod consequatur et animi nesciunt cum omnis vitae sint.',19,0,'2021-05-02 15:13:42','2017-03-29 05:11:18'),(92,1,72,'Mollitia praesentium dolorem repellendus soluta deleniti. Corporis laudantium perspiciatis qui. Qui expedita totam nobis rerum. Omnis enim incidunt nobis corrupti voluptas quia id.',36,1,'2021-05-02 15:13:42','2020-10-10 06:59:59'),(93,54,55,'Qui id nesciunt dignissimos earum dolores animi commodi architecto. Suscipit voluptatem pariatur omnis eos quas ad consequatur voluptatem. Nostrum ab et quos doloremque enim eius.',20,0,'2021-05-02 15:13:42','2014-01-01 21:46:29'),(94,7,73,'Occaecati ea quisquam ipsum omnis consequuntur tempora. Est et repellendus aut possimus voluptas dolor et. Illo modi numquam et provident illo eum aut ut.',92,0,'2021-05-02 15:13:42','2016-09-12 20:14:14'),(95,44,1,'Reprehenderit voluptas aut aspernatur dolores est error. Voluptas quia quis ex et. Sed id odio enim similique nam explicabo. Temporibus et itaque excepturi voluptate cupiditate rem et.',100,0,'2021-05-02 15:13:42','2019-04-25 06:11:41'),(96,71,51,'Quo repellendus eveniet sed labore fugiat est sit. Quis aperiam corrupti temporibus laboriosam dolorem aut dolorem.',21,0,'2021-05-02 15:13:42','2012-08-12 07:03:24'),(97,43,60,'Ab sunt et autem officiis ab aliquam porro eaque. Repudiandae reiciendis dolor minima doloremque consequatur. Natus sit illo nam asperiores cum illum. Rerum id vel nisi explicabo.',7,0,'2021-05-02 15:13:42','2016-04-27 21:53:47'),(98,72,81,'Debitis quia dolores doloribus dolor veritatis cupiditate. Fugiat maxime eveniet autem neque excepturi fugit odit. Voluptatem incidunt rerum quisquam voluptates sed. Architecto totam quo repellendus asperiores dolores quaerat. Optio et est nihil eligendi earum perspiciatis quam.',70,0,'2021-05-02 15:13:42','2014-08-23 13:52:07'),(99,86,88,'Earum consequatur quia dolor necessitatibus explicabo. Quisquam sapiente enim ea et suscipit nulla molestias assumenda. Delectus aspernatur iusto accusantium cupiditate in exercitationem rerum. Distinctio assumenda deleniti rerum architecto aut et quia.',28,0,'2021-05-02 15:13:42','2014-12-09 23:47:30'),(100,82,44,'Autem repellendus quaerat sint. Est nemo voluptatem voluptatem. Consequuntur omnis architecto velit illo. Sed beatae provident quis.',31,0,'2021-05-02 15:13:42','2014-11-28 21:51:12');
/*!40000 ALTER TABLE `messages` ENABLE KEYS */;
UNLOCK TABLES;

--
-- Table structure for table `profiles`
--

DROP TABLE IF EXISTS `profiles`;
/*!40101 SET @saved_cs_client     = @@character_set_client */;
/*!50503 SET character_set_client = utf8mb4 */;
CREATE TABLE `profiles` (
  `user_id` int unsigned NOT NULL COMMENT 'Ссылка на пользователя',
  `gender` char(1) CHARACTER SET utf8mb4 COLLATE utf8mb4_unicode_ci NOT NULL COMMENT 'Пол',
  `birthday` date DEFAULT NULL COMMENT 'Дата рождения',
  `city_id` int unsigned DEFAULT NULL COMMENT 'Ссылка на город проживания',
  `created_at` datetime DEFAULT CURRENT_TIMESTAMP COMMENT 'Время создания строки',
  `updated_at` datetime DEFAULT CURRENT_TIMESTAMP ON UPDATE CURRENT_TIMESTAMP COMMENT 'Время обновления строки',
  PRIMARY KEY (`user_id`)
) ENGINE=InnoDB DEFAULT CHARSET=utf8mb4 COLLATE=utf8mb4_unicode_ci COMMENT='Профили';
/*!40101 SET character_set_client = @saved_cs_client */;

--
-- Dumping data for table `profiles`
--

LOCK TABLES `profiles` WRITE;
/*!40000 ALTER TABLE `profiles` DISABLE KEYS */;
INSERT INTO `profiles` VALUES (1,'F','2011-04-11',44,'2019-07-08 20:23:33','2021-05-02 16:01:06'),(2,'F','2007-07-26',99,'2015-06-26 20:44:56','2021-05-02 16:01:06'),(3,'F','1998-03-28',61,'2011-07-10 13:34:07','2021-05-02 16:01:06'),(4,'M','1990-07-12',7,'2016-12-11 18:45:04','2021-05-02 16:01:06'),(5,'F','1995-12-18',50,'2017-10-22 19:24:20','2021-05-02 16:01:06'),(6,'M','1993-11-02',29,'2017-07-26 14:19:48','2021-05-02 16:01:06'),(7,'M','2000-08-06',94,'2013-06-09 13:55:47','2021-05-02 16:01:06'),(8,'F','2007-01-30',84,'2017-04-14 07:51:01','2021-05-02 16:01:06'),(9,'M','1971-09-08',35,'2014-04-06 17:17:48','2021-05-02 16:01:06'),(10,'F','1999-06-29',26,'2018-08-05 04:59:26','2021-05-02 16:01:06'),(11,'M','1984-09-20',22,'2011-05-23 09:59:52','2021-05-02 16:01:06'),(12,'F','1972-04-17',32,'2019-05-02 20:17:43','2021-05-02 16:01:06'),(13,'M','2017-06-15',95,'2014-06-21 23:25:37','2021-05-02 16:01:06'),(14,'M','2019-11-19',76,'2013-03-10 18:03:48','2021-05-02 16:01:06'),(15,'M','2000-08-21',98,'2019-04-23 21:08:45','2021-05-02 16:01:06'),(16,'M','2013-09-10',58,'2013-04-25 22:18:07','2021-05-02 16:01:06'),(17,'F','1986-01-23',96,'2016-08-23 00:50:59','2021-05-02 16:01:06'),(18,'M','2019-06-03',5,'2016-05-12 05:48:50','2021-05-02 16:01:06'),(19,'F','1995-11-15',36,'2015-01-09 14:15:25','2021-05-02 16:01:06'),(20,'F','2009-11-07',66,'2020-03-25 14:33:47','2021-05-02 16:01:06'),(21,'M','1996-04-09',23,'2020-07-20 22:41:36','2021-05-02 16:01:06'),(22,'M','2004-01-12',14,'2019-12-05 04:54:54','2021-05-02 16:01:06'),(23,'F','2000-11-02',1,'2019-03-17 04:28:29','2021-05-02 16:01:06'),(24,'F','1991-10-29',62,'2020-02-01 02:40:44','2021-05-02 16:01:06'),(25,'M','1978-11-03',9,'2018-02-22 12:02:12','2021-05-02 16:01:06'),(26,'M','2019-08-30',57,'2016-02-16 05:58:44','2021-05-02 16:01:06'),(27,'F','1978-01-13',60,'2016-06-11 17:50:48','2021-05-02 16:01:06'),(28,'M','1982-06-23',25,'2012-05-21 05:09:11','2021-05-02 16:01:06'),(29,'M','1976-05-31',46,'2018-02-20 22:59:16','2021-05-02 16:01:06'),(30,'F','2006-08-30',54,'2018-03-22 14:00:31','2021-05-02 16:01:06'),(31,'M','1981-02-22',32,'2018-11-04 21:26:06','2021-05-02 16:01:06'),(32,'F','2019-05-09',97,'2020-04-29 15:18:51','2021-05-02 16:01:06'),(33,'F','1984-01-26',89,'2014-02-07 15:58:46','2021-05-02 16:01:06'),(34,'M','1990-10-18',55,'2021-03-03 19:28:17','2021-05-02 16:01:06'),(35,'M','2002-03-03',6,'2013-07-24 21:32:35','2021-05-02 16:01:06'),(36,'F','2003-09-09',66,'2018-09-13 04:06:19','2021-05-02 16:01:06'),(37,'F','1975-01-25',9,'2021-03-14 16:23:31','2021-05-02 16:01:06'),(38,'F','1995-09-16',46,'2015-09-05 15:58:55','2021-05-02 16:01:06'),(39,'M','2009-07-24',4,'2017-03-10 20:28:26','2021-05-02 16:01:06'),(40,'M','1994-10-21',80,'2015-01-08 22:35:40','2021-05-02 16:01:06'),(41,'M','1985-05-19',88,'2020-07-14 03:02:45','2021-05-02 16:01:06'),(42,'M','1989-09-09',99,'2012-11-02 08:55:22','2021-05-02 16:01:06'),(43,'F','1978-01-16',33,'2020-09-16 10:19:51','2021-05-02 16:01:06'),(44,'F','1989-02-02',65,'2020-04-07 11:00:45','2021-05-02 16:01:06'),(45,'F','1972-07-26',28,'2020-06-20 01:42:26','2021-05-02 16:01:06'),(46,'M','2008-08-25',44,'2017-03-30 05:48:05','2021-05-02 16:01:06'),(47,'M','1983-01-05',37,'2014-03-01 09:14:45','2021-05-02 16:01:06'),(48,'M','1993-11-17',52,'2016-09-15 23:55:34','2021-05-02 16:01:06'),(49,'M','1978-09-18',46,'2013-03-06 11:04:33','2021-05-02 16:01:06'),(50,'F','1995-06-02',74,'2013-12-26 00:42:59','2021-05-02 16:01:06'),(51,'M','2005-09-11',34,'2012-11-06 14:25:55','2021-05-02 16:01:06'),(52,'F','1990-01-16',46,'2018-11-20 08:00:18','2021-05-02 16:01:06'),(53,'M','1977-07-17',27,'2012-07-25 03:49:23','2021-05-02 16:01:06'),(54,'F','1995-11-22',96,'2017-10-13 21:53:20','2021-05-02 16:01:06'),(55,'M','2002-04-25',100,'2013-06-08 11:37:20','2021-05-02 16:01:06'),(56,'F','1977-02-27',13,'2011-08-29 22:01:59','2021-05-02 16:01:06'),(57,'M','1974-08-03',62,'2016-12-08 20:20:15','2021-05-02 16:01:06'),(58,'F','1989-08-12',71,'2016-07-09 07:05:56','2021-05-02 16:01:06'),(59,'M','1976-07-26',67,'2017-02-19 16:24:53','2021-05-02 16:01:06'),(60,'F','1979-01-08',22,'2016-04-27 14:35:42','2021-05-02 16:01:06'),(61,'M','1987-10-02',11,'2016-02-28 20:28:57','2021-05-02 16:01:06'),(62,'F','2010-02-06',87,'2014-04-23 18:29:47','2021-05-02 16:01:06'),(63,'M','2003-10-24',1,'2015-06-25 01:21:11','2021-05-02 16:01:06'),(64,'M','2019-03-19',45,'2015-07-30 08:03:20','2021-05-02 16:01:06'),(65,'M','2000-06-21',19,'2013-12-10 23:29:39','2021-05-02 16:01:06'),(66,'M','1998-10-30',60,'2012-10-25 00:15:03','2021-05-02 16:01:06'),(67,'M','1995-03-25',43,'2012-11-16 01:05:17','2021-05-02 16:01:06'),(68,'F','1989-09-07',36,'2011-07-10 13:04:38','2021-05-02 16:01:06'),(69,'M','1988-12-03',51,'2018-10-28 04:13:56','2021-05-02 16:01:06'),(70,'M','1996-10-17',46,'2018-12-08 07:52:36','2021-05-02 16:01:06'),(71,'M','1991-12-14',76,'2016-07-18 14:27:42','2021-05-02 16:01:06'),(72,'F','1995-08-07',42,'2015-01-11 07:56:04','2021-05-02 16:01:06'),(73,'F','1985-11-28',79,'2019-01-03 11:40:24','2021-05-02 16:01:06'),(74,'M','1993-05-18',71,'2013-02-03 22:57:35','2021-05-02 16:01:06'),(75,'F','1972-05-19',18,'2017-02-20 07:55:30','2021-05-02 16:01:06'),(76,'M','1975-09-23',74,'2015-05-17 14:17:43','2021-05-02 16:01:06'),(77,'F','2011-08-05',17,'2020-05-10 07:29:33','2021-05-02 16:01:06'),(78,'M','1975-10-08',62,'2016-07-14 14:27:34','2021-05-02 16:01:06'),(79,'F','2015-02-01',59,'2018-12-03 05:57:31','2021-05-02 16:01:06'),(80,'F','1974-02-18',10,'2014-01-17 18:55:02','2021-05-02 16:01:06'),(81,'F','1973-07-05',71,'2018-03-12 11:33:41','2021-05-02 16:01:06'),(82,'M','1980-05-19',26,'2020-08-05 03:47:36','2021-05-02 16:01:06'),(83,'F','1985-11-02',15,'2013-05-15 04:10:11','2021-05-02 16:01:06'),(84,'F','1979-04-26',99,'2020-11-11 20:30:51','2021-05-02 16:01:06'),(85,'F','2016-08-20',47,'2019-02-07 06:16:31','2021-05-02 16:01:06'),(86,'M','1998-04-23',37,'2017-07-31 21:55:21','2021-05-02 16:01:06'),(87,'F','1977-07-15',42,'2018-02-19 19:12:51','2021-05-02 16:01:06'),(88,'F','1985-01-01',2,'2019-03-26 01:47:41','2021-05-02 16:01:06'),(89,'M','1997-09-12',81,'2018-06-23 13:24:53','2021-05-02 16:01:06'),(90,'M','2000-02-25',1,'2011-05-31 22:33:39','2021-05-02 16:01:06'),(91,'F','1981-03-09',62,'2015-07-24 17:34:14','2021-05-02 16:01:06'),(92,'M','1992-11-18',4,'2018-01-01 19:35:02','2021-05-02 16:01:06'),(93,'F','2001-03-16',35,'2016-10-02 07:45:14','2021-05-02 16:01:06'),(94,'F','1990-02-28',61,'2015-09-06 07:37:37','2021-05-02 16:01:06'),(95,'M','2009-10-17',99,'2014-12-13 20:08:48','2021-05-02 16:01:06'),(96,'F','1977-06-29',13,'2019-08-05 17:36:54','2021-05-02 16:01:06'),(97,'M','1979-09-04',69,'2020-09-20 17:20:41','2021-05-02 16:01:06'),(98,'M','2018-07-21',4,'2016-10-05 23:55:29','2021-05-02 16:01:06'),(99,'F','1997-12-28',12,'2020-09-11 13:06:12','2021-05-02 16:01:06'),(100,'M','1981-06-19',49,'2013-05-20 18:33:58','2021-05-02 16:01:06');
/*!40000 ALTER TABLE `profiles` ENABLE KEYS */;
UNLOCK TABLES;

--
-- Table structure for table `users`
--

DROP TABLE IF EXISTS `users`;
/*!40101 SET @saved_cs_client     = @@character_set_client */;
/*!50503 SET character_set_client = utf8mb4 */;
CREATE TABLE `users` (
  `id` int unsigned NOT NULL AUTO_INCREMENT COMMENT 'Идентификатор строки',
  `first_name` varchar(100) CHARACTER SET utf8mb4 COLLATE utf8mb4_unicode_ci NOT NULL COMMENT 'Имя пользователя',
  `last_name` varchar(100) CHARACTER SET utf8mb4 COLLATE utf8mb4_unicode_ci NOT NULL COMMENT 'Фамилия пользователя',
  `email` varchar(100) CHARACTER SET utf8mb4 COLLATE utf8mb4_unicode_ci NOT NULL COMMENT 'Почта',
  `phone` varchar(100) CHARACTER SET utf8mb4 COLLATE utf8mb4_unicode_ci NOT NULL COMMENT 'Телефон',
  `created_at` datetime DEFAULT CURRENT_TIMESTAMP COMMENT 'Время создания строки',
  `updated_at` datetime DEFAULT CURRENT_TIMESTAMP ON UPDATE CURRENT_TIMESTAMP COMMENT 'Время обновления строки',
  PRIMARY KEY (`id`),
  UNIQUE KEY `email` (`email`),
  UNIQUE KEY `phone` (`phone`)
) ENGINE=InnoDB AUTO_INCREMENT=101 DEFAULT CHARSET=utf8mb4 COLLATE=utf8mb4_unicode_ci COMMENT='Пользователи';
/*!40101 SET character_set_client = @saved_cs_client */;

--
-- Dumping data for table `users`
--

LOCK TABLES `users` WRITE;
/*!40000 ALTER TABLE `users` DISABLE KEYS */;
INSERT INTO `users` VALUES (1,'Cicero','Bogisich','madonna.hamill@example.com','(007)589-3620x7089','2016-11-26 13:18:01','2021-05-01 08:32:45'),(2,'Anabelle','Jacobson','critchie@example.org','397-620-9627','2017-12-29 22:45:12','2021-05-01 08:32:45'),(3,'Linnie','Wiegand','mayert.abraham@example.org','759-066-0071x215','2018-10-03 17:53:12','2021-05-01 08:32:45'),(4,'Sydnee','Johns','nauer@example.net','1-356-994-5084','2015-10-13 05:45:55','2020-08-02 21:40:09'),(5,'Dejah','Rutherford','upton.flavie@example.net','031.013.0226x47523','2016-08-01 06:33:05','2017-11-14 20:28:36'),(6,'Malachi','Hilll','ablanda@example.org','(252)207-3868x702','2016-06-24 20:21:45','2021-05-01 08:32:45'),(7,'Julio','Quitzon','jensen.bechtelar@example.com','(748)869-6403x1500','2012-11-25 07:28:03','2018-07-31 07:38:21'),(8,'Bella','Bogisich','obie67@example.com','(278)938-4523x04363','2014-06-24 01:36:10','2018-08-01 06:27:45'),(9,'Jay','Beahan','mac.mayert@example.org','(368)238-6247','2018-10-23 22:42:44','2021-05-01 08:32:45'),(10,'Angelica','Welch','qstreich@example.net','387-161-1738x3719','2016-09-23 15:13:57','2017-06-04 23:15:21'),(11,'Mac','Little','sydnee35@example.org','1-394-873-6576','2014-09-26 11:24:10','2019-08-07 08:20:08'),(12,'Virgie','Ledner','graham.lisandro@example.org','+28(6)4168356784','2020-07-27 16:34:53','2021-05-01 08:32:45'),(13,'Bret','Little','hturner@example.org','(549)177-9994','2015-03-08 22:27:34','2021-05-01 08:32:45'),(14,'Beaulah','Dietrich','skiles.creola@example.com','900-898-3489','2015-10-08 04:08:58','2021-05-01 08:32:45'),(15,'Deonte','Hirthe','vito.raynor@example.org','08276185027','2017-04-17 07:30:35','2019-09-09 12:44:27'),(16,'Herbert','Collier','qwolff@example.org','(690)118-4429','2018-04-08 03:52:02','2021-05-01 08:32:45'),(17,'Dedric','Hermann','white.keeley@example.net','684.020.3563x905','2016-11-10 22:49:17','2019-01-01 16:06:43'),(18,'Warren','Doyle','lia63@example.net','+94(7)7060880559','2012-06-25 08:09:35','2021-05-01 08:32:45'),(19,'Jacinthe','Wiegand','treynolds@example.org','08009718926','2014-09-21 23:09:28','2018-04-16 00:23:27'),(20,'Noe','Hermann','towne.jayden@example.org','441.678.8686x674','2019-08-24 11:53:43','2021-05-01 08:32:45'),(21,'Gilbert','Kunde','vincent43@example.net','+74(5)9722460881','2020-05-07 11:59:09','2021-05-01 08:32:45'),(22,'Alicia','Wuckert','fern94@example.net','392-754-3969x937','2020-09-24 06:32:17','2021-05-01 08:32:45'),(23,'Devonte','Jacobson','alysson57@example.com','997.341.1509','2020-03-10 22:38:09','2021-05-01 08:32:45'),(24,'Simeon','Brakus','bernhard.jaskolski@example.org','503-209-2979','2016-11-20 18:02:32','2017-04-17 17:08:15'),(25,'Else','Flatley','gibson.rowan@example.com','243.050.2779','2014-04-21 10:20:12','2019-05-04 06:05:24'),(26,'Cortney','Lindgren','shea.wolff@example.org','1-726-584-2226','2017-01-13 06:14:11','2021-05-01 08:32:45'),(27,'Esteban','Abbott','carroll.brice@example.net','1-021-289-0935','2018-11-18 06:07:57','2021-05-01 08:32:45'),(28,'Claud','Jacobson','hankunding@example.com','523-722-1001x5020','2019-11-29 19:45:43','2021-05-01 08:32:45'),(29,'Alexis','Klocko','georgette.kemmer@example.com','06835335636','2015-07-08 20:40:54','2015-10-30 05:10:09'),(30,'Karson','Emmerich','hartmann.tevin@example.org','718.593.1344x3023','2019-12-26 23:01:19','2021-05-01 08:32:45'),(31,'Kobe','Hand','rico82@example.net','+06(4)3625082357','2013-02-02 22:01:37','2021-05-01 08:32:45'),(32,'Mitchel','Cole','grempel@example.com','487-705-6479x95135','2011-12-23 09:42:18','2016-05-03 05:22:16'),(33,'Estel','Luettgen','omer.stark@example.net','241-267-3232','2016-04-19 07:50:24','2021-05-01 08:32:45'),(34,'Shayne','Casper','skye92@example.com','181.221.3286','2014-01-03 11:47:43','2018-05-24 08:24:46'),(35,'Destany','Hauck','abbey47@example.org','076.073.3446x30580','2017-08-05 22:39:01','2019-11-25 16:32:39'),(36,'Aric','Jacobson','branson.schneider@example.org','439.688.6359','2018-06-14 02:33:24','2021-05-01 08:32:45'),(37,'Fred','Wehner','turcotte.alexandrine@example.com','1-686-828-8928x6938','2018-09-17 22:18:33','2019-10-21 21:00:00'),(38,'Maxine','Gulgowski','carley48@example.org','(562)824-3899','2019-06-21 22:17:27','2021-05-01 08:32:45'),(39,'Bobbie','Mann','olson.beau@example.net','800-782-3432','2013-03-16 00:17:28','2013-09-06 02:11:48'),(40,'Cicero','Predovic','magdalena.sporer@example.org','025-382-3314','2017-05-08 03:41:33','2021-05-01 08:32:45'),(41,'Alberto','Dooley','aleen.hickle@example.com','(195)614-1401','2020-07-30 11:15:46','2021-05-01 08:32:45'),(42,'Frederik','Zieme','igraham@example.net','06736909717','2014-07-30 08:24:08','2020-10-17 12:03:59'),(43,'Brooke','Waters','nkassulke@example.org','(981)413-2913x291','2016-08-22 09:51:51','2018-11-12 20:15:10'),(44,'Horacio','Howell','jeremie02@example.org','714.988.5074','2021-03-15 01:26:35','2021-05-01 08:32:45'),(45,'Ivy','Tremblay','runolfsson.adah@example.net','09185332951','2014-08-23 12:05:10','2021-05-01 08:32:45'),(46,'Laurie','Buckridge','tvolkman@example.com','503.593.0541x7973','2015-07-01 23:25:19','2020-05-19 00:31:04'),(47,'Bridget','Kozey','adolphus78@example.org','458.322.3630','2020-10-30 15:24:58','2021-05-01 08:32:45'),(48,'Kristin','Simonis','will.rice@example.org','301.515.2010x505','2016-10-15 01:40:32','2017-10-15 08:01:12'),(49,'Cruz','Russel','penelope.homenick@example.com','1-355-543-4020x009','2019-01-29 11:20:01','2021-05-01 08:32:45'),(50,'Zachery','Goyette','hazle.vandervort@example.net','861-246-4995','2013-07-01 03:57:50','2020-03-06 06:27:53'),(51,'Daisy','Bogisich','connor.schaden@example.net','+64(0)1763097143','2011-06-10 08:50:28','2017-05-16 01:53:39'),(52,'Berniece','Homenick','arjun.franecki@example.org','(460)237-9189x09177','2020-06-13 16:06:16','2021-05-01 08:32:45'),(53,'Lawson','Waelchi','lindsey.towne@example.com','(499)576-7785x604','2011-11-27 08:26:14','2015-01-29 04:03:36'),(54,'Rory','Lynch','waldo.kihn@example.org','1-691-447-4561x6504','2012-11-11 21:03:19','2021-05-01 08:32:45'),(55,'Kylie','Gottlieb','treutel.pamela@example.org','+45(7)2489493624','2012-05-26 08:16:01','2021-05-01 08:32:45'),(56,'Mariane','Sauer','stamm.muriel@example.org','1-775-443-9166x801','2020-09-04 03:27:54','2021-05-01 08:32:45'),(57,'Kasey','Koelpin','marlene41@example.org','984-767-1185x6809','2012-08-28 12:34:48','2020-08-25 13:16:44'),(58,'Jackie','Gottlieb','von.kaycee@example.org','06074472627','2019-08-16 12:57:58','2021-05-01 08:32:45'),(59,'Devante','Koch','feest.keyshawn@example.com','(263)592-4151','2015-11-20 03:48:04','2021-05-01 08:32:45'),(60,'Carol','Kunze','uwalsh@example.net','029.417.1434x75843','2019-04-24 04:07:06','2021-05-01 08:32:45'),(61,'Jade','Borer','kaitlyn.walsh@example.org','157.894.5593x915','2012-11-01 12:45:24','2017-08-31 08:26:39'),(62,'Tate','Mohr','rose.ward@example.net','025.842.1259x899','2012-01-19 14:32:18','2017-09-14 20:06:58'),(63,'Abe','Yundt','arolfson@example.net','124.517.9700','2019-12-24 06:35:00','2021-05-01 08:32:45'),(64,'Abel','Morissette','chaz60@example.net','07747414813','2012-05-31 23:40:15','2021-03-01 08:11:08'),(65,'Erika','Bartoletti','myriam.witting@example.net','05931535582','2018-03-03 22:50:58','2021-05-01 08:32:45'),(66,'Ole','Boyer','rrunolfsson@example.com','1-761-337-3464','2019-05-25 12:25:56','2021-05-01 08:32:45'),(67,'Berta','Auer','dudley62@example.net','(737)584-3397x776','2013-03-15 14:45:12','2016-08-22 19:36:04'),(68,'Noe','Lind','charles.wunsch@example.com','996.950.9487x83768','2016-02-28 17:58:49','2021-05-01 08:32:45'),(69,'Nelle','Rogahn','mitchell.serena@example.com','08471079230','2020-07-29 07:08:30','2021-05-01 08:32:45'),(70,'Sonny','Volkman','maritza.vonrueden@example.net','+11(9)0569841581','2018-05-28 07:32:49','2021-05-01 08:32:45'),(71,'Lon','Terry','mcclure.camila@example.org','915.178.7786x0061','2013-02-21 21:28:01','2015-11-23 15:59:20'),(72,'Vern','Murray','ikrajcik@example.net','918.656.3788','2020-08-31 12:14:41','2021-05-01 08:32:45'),(73,'Mae','Kuphal','swintheiser@example.net','1-192-128-6275','2011-07-18 20:16:51','2019-12-18 17:15:54'),(74,'Kris','Heidenreich','allene22@example.net','480.731.8439','2021-01-11 12:06:00','2021-05-01 08:32:45'),(75,'Ward','Fahey','electa86@example.com','(215)771-2572x53961','2015-10-08 20:05:10','2018-04-27 14:27:15'),(76,'Deion','Vandervort','tracy.leannon@example.org','1-207-846-1568x15893','2020-03-15 09:27:11','2021-05-01 08:32:45'),(77,'Emilie','Collier','to\'connell@example.net','360-683-8050','2019-01-27 14:24:30','2021-05-01 08:32:45'),(78,'Marquis','Reilly','bruce.schmidt@example.com','515-343-3628x119','2016-01-15 08:13:13','2021-05-01 08:32:45'),(79,'Laron','Bahringer','ozella88@example.net','1-029-132-6082','2020-03-19 09:01:13','2021-05-01 08:32:45'),(80,'Valentine','Wolf','zabbott@example.org','(641)010-8316x67428','2018-11-25 19:08:58','2020-09-26 09:23:07'),(81,'Liana','Hintz','heaney.jalyn@example.com','(964)479-4865','2015-06-02 19:54:46','2020-02-14 18:27:01'),(82,'Ahmad','Hartmann','anahi.buckridge@example.org','747.842.9854','2018-01-01 08:08:22','2021-05-01 08:32:45'),(83,'Rory','Blanda','qgrady@example.com','953-025-0277x482','2021-02-23 19:26:23','2021-05-01 08:32:45'),(84,'Junius','Jenkins','othiel@example.net','1-904-981-8743x0975','2019-04-25 13:58:22','2021-05-01 08:32:45'),(85,'Viva','Corkery','krajcik.ike@example.net','1-109-255-0191x931','2011-10-07 21:08:14','2020-12-03 09:04:39'),(86,'Ara','Watsica','wdickinson@example.com','634-643-4996x541','2019-10-11 14:11:00','2021-05-01 08:32:45'),(87,'Maegan','Steuber','bartell.dora@example.com','978-303-8567','2017-09-22 18:08:36','2018-12-01 08:27:43'),(88,'Willis','Huels','skuphal@example.net','(528)424-6755','2020-04-18 02:06:09','2021-02-18 11:33:50'),(89,'Ignatius','Raynor','alysa93@example.com','+93(9)1043933353','2012-02-24 06:32:16','2021-05-01 08:32:45'),(90,'Solon','Treutel','eweber@example.net','+64(7)7758681081','2019-12-07 03:36:02','2021-05-01 08:32:45'),(91,'Natalia','Reichel','nwitting@example.org','(835)324-5966','2016-02-19 02:31:23','2021-05-01 08:32:45'),(92,'Nestor','Kunze','yfunk@example.net','(669)400-0765x11664','2018-02-27 23:45:44','2021-05-01 08:32:45'),(93,'Wayne','Haley','della61@example.org','1-866-958-3609','2011-11-06 13:52:29','2015-12-16 23:52:30'),(94,'Bulah','Spinka','neva28@example.net','931-865-4316x7561','2016-08-06 21:02:52','2021-05-01 08:32:45'),(95,'Serenity','Hoppe','beer.giuseppe@example.com','275-547-0746','2014-10-07 09:40:34','2017-10-07 05:15:00'),(96,'Carmel','Schowalter','ohane@example.com','(422)252-8915x4285','2015-06-24 02:14:29','2016-08-23 03:39:54'),(97,'Amber','Boehm','dlind@example.net','1-732-068-6344','2020-06-07 22:04:44','2021-05-01 08:32:45'),(98,'Elyse','Zboncak','aufderhar.ransom@example.com','516.916.6277x4983','2016-10-28 06:34:44','2017-12-31 02:41:51'),(99,'Alia','Robel','jschowalter@example.net','001-708-8652x4056','2011-07-29 08:10:39','2018-08-26 14:30:53'),(100,'Candido','Baumbach','kling.laurence@example.net','00658304180','2011-09-18 15:41:18','2012-07-14 05:51:25');
/*!40000 ALTER TABLE `users` ENABLE KEYS */;
UNLOCK TABLES;
/*!40103 SET TIME_ZONE=@OLD_TIME_ZONE */;

/*!40101 SET SQL_MODE=@OLD_SQL_MODE */;
/*!40014 SET FOREIGN_KEY_CHECKS=@OLD_FOREIGN_KEY_CHECKS */;
/*!40014 SET UNIQUE_CHECKS=@OLD_UNIQUE_CHECKS */;
/*!40101 SET CHARACTER_SET_CLIENT=@OLD_CHARACTER_SET_CLIENT */;
/*!40101 SET CHARACTER_SET_RESULTS=@OLD_CHARACTER_SET_RESULTS */;
/*!40101 SET COLLATION_CONNECTION=@OLD_COLLATION_CONNECTION */;
/*!40111 SET SQL_NOTES=@OLD_SQL_NOTES */;

-- Dump completed on 2021-05-02 16:45:43
